Position	Ref	3077 Sweden 993-1031	Airaku3 Japan 1996	Body 188 Czech Republic 800-1200	Br4923 Brazil 2004	Jorgen 404 Denmark 1219-1276	Jorgen 427 Denmark 1164-1258	Jorgen 507 Denmark 1058-1253	Jorgen 533 Denmark 1044-1214	Jorgen 625 Denmark 1283-1329	Jorgen 722 Denmark 1256-1377	Jorgen 749 Denmark 1223-1279	Kyoto2 Japan 1991	NHDP63 Brazil 2004	Refshale 16 Denmark 1017-1065	S10 China 2006	S11 India 1990	S13 Mali 2012	S14 Mali 2012	S2 West Indies 1992	S9 New Caledonia 1996	SK14 UK 905-983	SK2 UK 930-1070	SK8 UK 948-1088	TN Thailand 1981	Thai53 India 2005	GC96 UK 415-545	S15 New Caledonia 1992	SK27 UK 1020-1162	SK11 Hungary 600-800	T18 Italy 600-700	MI2-10 Guinea 2016	MI6-50 Guinea 2016	MI6-55 Guinea 2016	NHDP-55 Brazil 2004	NHDP-98 Brazil 2004	W-09 Brazil 2005	Brw15-1 UK 2015	Brw15-5 UK 2015	Brw15-10 UK 2015	Brw15-20 UK 2015	Brw15-25 UK 2015
73	A	.	.	G	G	G	G	G	G	G	G	.	G	G	.	G	.	G	G	.	G	.	G	.	.	.	G	G	.	G	N	G	G	G	G	G	G	G	G	G	G	G
451	G	.	.	.	.	.	.	.	.	.	.	.	.	.	.	.	.	.	.	.	A	.	.	.	.	.	.	.	N	.	.	.	.	.	.	.	.	.	.	.	.	.
883	G	.	.	.	.	A	A	.	A	A	A	.	.	A	.	.	.	.	.	.	.	.	A	.	.	.	A	.	N	N	N	.	.	.	A	A	A	A	A	A	A	A
1011	G	N	.	.	.	.	.	.	.	.	.	.	.	A	.	.	.	.	.	.	.	.	A	.	.	.	.	.	N	N	.	.	.	.	A	A	A	.	.	.	.	.
4180	G	.	.	.	.	.	A	.	.	.	.	.	.	.	.	.	.	.	.	.	.	.	.	.	.	.	.	.	N	.	N	.	.	.	.	.	.	.	.	.	.	.
4423	G	.	.	.	.	.	.	.	.	.	.	.	.	.	.	.	.	.	.	A	.	.	.	.	.	.	.	.	N	.	.	.	.	.	.	.	.	.	.	.	.	.
5066	G	N	T	.	.	.	.	.	.	.	.	.	.	.	.	.	.	.	.	N	.	.	.	.	.	.	.	.	N	.	.	.	.	.	.	.	.	.	.	.	.	.
7614	C	.	.	.	.	T	T	.	T	T	T	.	.	T	.	.	.	.	.	.	.	.	T	.	.	.	T	.	N	.	N	.	.	.	T	T	T	T	T	T	T	T
7870	G	.	.	.	.	.	.	.	A	.	.	.	.	.	.	.	.	.	.	.	.	.	.	.	.	.	.	.	N	.	N	.	.	.	.	.	.	.	.	.	.	.
8453	T	C	C	C	C	C	C	C	C	C	C	C	C	C	C	C	C	C	C	C	C	C	C	C	.	.	C	C	N	N	N	C	C	C	C	C	C	C	C	C	C	C
8548	G	.	.	.	.	.	.	.	.	.	.	.	.	.	.	.	.	.	.	.	.	.	.	.	.	.	.	A	N	N	.	.	.	.	.	.	.	.	.	.	.	.
10505	C	.	.	.	.	.	.	.	.	.	.	.	.	T	.	.	.	.	.	.	.	.	.	.	.	.	.	.	.	.	.	.	.	.	T	T	T	.	.	.	.	.
10947	C	T	.	.	.	.	.	.	N	.	.	.	.	.	.	.	.	.	.	.	.	.	.	.	.	.	.	.	N	.	.	.	.	.	.	.	.	.	.	.	.	.
11341	C	.	.	.	.	.	.	.	.	.	.	.	.	.	.	.	T	.	.	.	.	.	.	.	.	.	.	.	N	.	.	.	.	.	N	N	N	.	.	.	.	.
11962	C	.	.	.	.	.	.	.	.	.	N	.	.	.	.	.	.	.	.	.	.	.	N	.	.	.	.	.	T	.	.	.	.	.	.	.	.	.	.	.	.	.
12499	G	.	.	.	.	.	.	.	.	.	.	.	.	.	.	.	.	.	.	.	A	.	.	.	.	.	.	N	.	.	.	.	.	.	.	.	.	.	.	.	.	.
12709	A	.	.	.	.	.	.	.	.	.	.	.	.	.	.	.	.	.	.	G	.	.	.	.	.	.	.	.	.	N	N	.	.	.	.	.	.	.	.	.	.	.
12748	C	.	.	.	.	.	.	.	.	.	.	.	.	.	.	.	.	.	T	.	.	.	.	.	.	.	.	.	.	.	.	.	.	.	.	.	.	.	.	.	.	.
13808	G	.	.	.	.	.	.	.	.	.	.	.	.	.	.	.	T	.	.	.	.	.	.	.	.	.	.	.	N	N	N	.	.	.	.	.	.	.	.	.	.	.
13907	C	T	.	.	.	.	.	.	.	.	.	T	.	.	T	.	.	.	.	.	.	T	.	T	.	.	.	N	N	.	T	.	.	.	.	.	.	.	.	.	.	.
14226	C	N	.	.	.	N	.	T	N	.	N	.	T	.	.	T	.	N	N	N	N	N	N	N	.	.	N	N	N	N	N	.	.	.	N	N	N	N	N	N	N	N
14554	C	.	.	.	.	.	.	.	.	.	.	.	.	.	.	.	.	.	.	.	T	.	.	.	.	.	.	.	N	.	.	.	.	.	.	.	.	.	.	.	.	.
14676	C	.	.	.	T	.	.	.	N	.	.	.	.	.	.	.	.	T	T	.	N	.	.	N	.	.	.	N	.	.	.	T	T	T	.	.	.	.	.	.	.	.
15282	A	N	.	.	G	.	.	.	.	.	.	.	.	.	.	.	.	.	.	N	N	.	N	.	.	.	.	N	N	N	N	.	.	.	.	.	.	.	.	.	.	.
15985	G	.	.	.	.	.	.	.	.	.	.	.	.	A	.	.	.	.	.	.	.	.	A	.	.	.	.	.	.	N	.	.	.	.	A	A	A	.	.	.	.	.
16320	C	.	.	.	.	.	.	.	.	.	.	.	T	.	.	T	.	.	.	.	.	.	.	.	.	.	.	.	.	.	.	.	.	.	.	.	.	.	.	.	.	.
17157	G	.	.	.	.	.	.	A	.	.	.	.	.	.	.	.	.	.	.	N	.	.	.	.	.	.	.	.	N	A	N	.	.	.	.	.	.	.	.	.	.	.
17669	C	.	.	.	.	.	.	T	.	.	.	.	.	.	.	.	.	.	.	.	.	.	.	.	.	.	.	.	N	N	N	.	.	.	.	.	.	.	.	.	.	.
18544	G	N	.	.	.	.	.	.	.	.	.	.	.	.	.	.	.	.	N	.	A	.	.	.	.	.	.	.	N	N	N	.	.	.	.	.	.	.	.	.	.	.
19071	G	.	.	.	.	N	A	.	.	.	A	.	.	.	.	.	.	.	.	.	.	.	.	.	.	.	.	.	.	.	N	.	.	.	.	.	.	.	.	.	.	.
19909	T	.	.	.	.	.	.	.	.	.	.	.	.	.	.	.	.	.	.	.	.	.	.	.	.	A	.	.	N	.	.	.	.	.	.	.	.	.	.	.	.	.
20621	G	.	.	.	.	.	.	.	.	.	.	.	.	.	.	.	.	.	.	.	A	.	.	.	.	.	.	.	N	.	N	.	.	.	.	.	.	.	.	.	.	.
20910	G	.	.	A	A	.	.	.	.	.	.	.	.	.	.	.	.	A	A	.	.	.	.	.	.	.	.	.	N	.	N	A	A	A	.	.	.	.	.	.	.	.
21139	G	.	.	.	.	.	.	.	.	.	.	.	.	T	.	.	.	.	.	.	.	.	.	.	.	.	.	.	N	N	.	.	.	.	.	.	.	.	.	.	.	.
21959	G	.	.	.	.	.	.	.	.	.	.	.	.	.	.	.	.	.	.	.	.	.	.	.	.	.	.	.	N	.	N	.	.	.	.	.	.	A	A	A	A	A
22488	G	.	.	.	.	.	.	.	.	.	.	.	.	A	.	.	.	.	.	.	.	.	A	.	.	.	.	.	N	.	N	.	.	.	A	A	A	.	.	.	.	.
22719	G	.	.	.	A	.	.	.	.	.	.	.	.	.	.	.	.	A	A	.	.	.	N	.	.	.	.	.	N	.	.	A	A	A	.	.	.	.	.	.	.	.
22909	G	.	.	.	.	.	.	.	.	.	.	.	.	.	.	.	A	.	.	.	.	.	.	.	.	.	.	.	N	.	.	.	.	.	.	.	.	.	.	.	.	.
23299	G	N	.	.	.	.	.	.	.	.	.	.	.	.	.	.	.	.	.	.	.	.	.	.	.	.	.	A	N	N	N	.	.	.	.	.	.	.	.	.	.	.
23609	A	.	.	.	.	.	.	.	.	.	.	.	T	.	.	.	.	.	.	.	.	.	.	.	.	.	.	.	N	N	N	.	.	.	.	.	.	.	.	.	.	.
29563	C	.	.	.	.	.	.	.	.	.	.	.	.	T	.	.	.	.	.	.	.	.	T	.	.	.	.	.	.	.	.	.	.	.	T	T	T	.	.	.	.	.
29637	C	.	.	.	.	.	.	.	.	.	.	.	.	.	.	.	.	.	.	.	.	.	T	.	.	.	.	.	N	.	.	.	.	.	.	.	.	.	.	.	.	.
30911	G	.	.	.	.	.	.	.	.	.	.	.	.	.	.	.	.	.	.	.	A	.	.	.	.	.	.	.	.	.	.	.	.	.	.	.	.	.	.	.	.	.
38202	C	.	.	.	.	.	.	.	.	.	.	.	.	T	.	.	.	.	.	.	.	.	T	.	.	.	.	.	.	.	.	.	.	.	T	T	T	.	.	.	.	.
40503	C	.	.	.	.	.	.	.	.	.	.	.	.	.	.	.	.	T	N	.	N	.	.	.	.	.	.	N	.	.	N	.	.	.	.	.	.	.	.	.	.	.
43827	C	.	.	.	.	.	.	.	.	.	.	.	.	.	.	.	.	.	.	G	.	.	.	.	.	.	.	.	.	N	N	.	.	.	.	.	.	.	.	.	.	.
44832	G	.	.	.	.	A	A	.	.	.	A	.	.	.	.	.	.	.	.	.	.	.	.	.	.	.	A	.	N	N	N	.	.	.	.	.	.	.	.	.	.	.
45216	C	N	.	.	.	.	.	.	.	.	.	.	.	.	.	.	.	.	.	.	T	.	.	.	.	.	.	.	.	.	N	.	.	.	.	.	.	.	.	.	.	.
45407	C	N	.	.	.	N	.	T	.	.	N	.	.	.	.	.	.	.	.	.	.	.	.	.	.	.	.	N	N	N	N	.	.	.	.	.	.	.	.	.	.	.
45791	T	N	.	.	.	.	.	.	.	.	.	.	.	C	.	.	.	.	.	N	.	.	.	.	.	.	.	N	.	N	N	.	.	.	C	C	C	.	.	.	.	.
46096	A	.	.	.	.	.	.	.	.	.	.	.	.	.	.	.	.	.	.	.	.	.	.	.	.	.	.	G	N	.	.	.	.	.	.	.	.	.	.	.	.	.
48196	G	.	.	.	.	N	A	.	.	.	A	.	.	A	.	.	.	.	.	.	.	.	A	.	.	.	A	N	N	.	N	.	.	.	A	A	A	A	A	A	A	A
48229	C	N	.	.	.	.	.	.	.	.	.	.	T	.	.	.	.	.	.	.	.	.	.	.	.	.	.	N	N	.	.	.	.	.	.	.	.	.	.	.	.	.
48680	G	N	.	.	.	.	.	.	.	.	.	.	T	.	.	.	.	.	.	.	.	.	.	.	.	.	.	.	N	.	.	.	.	.	.	.	.	.	.	.	.	.
52084	C	.	.	.	.	.	.	.	.	.	.	T	.	.	.	.	.	.	.	.	.	.	.	.	.	.	.	.	.	.	.	.	.	.	.	.	.	.	.	.	.	.
52851	T	N	C	C	C	C	C	C	C	C	C	C	C	C	C	C	C	C	N	N	C	C	C	C	.	C	C	C	N	N	N	C	C	C	C	C	C	C	C	C	C	C
56421	C	.	.	.	.	.	.	.	.	.	.	.	.	.	.	.	.	.	.	N	.	.	N	.	.	.	.	T	N	N	N	.	.	.	.	.	.	.	.	.	.	.
58631	C	.	.	.	.	.	.	.	.	.	.	.	.	.	.	.	T	.	.	.	.	.	N	.	.	.	.	.	N	N	N	.	.	.	.	.	.	.	.	.	.	.
61425	A	N	G	G	G	G	G	G	G	G	G	G	G	G	G	G	G	G	G	G	G	G	G	G	.	.	G	G	N	G	G	G	G	G	G	G	G	G	G	G	G	G
61530	C	T	T	T	T	T	T	T	T	T	T	T	T	T	T	T	T	T	T	T	T	T	T	T	.	T	T	T	N	T	T	T	T	T	T	T	T	T	T	T	T	T
65867	T	.	.	.	.	.	.	.	.	.	.	.	.	.	.	.	C	.	.	N	.	.	.	.	.	.	.	.	.	.	N	.	.	.	.	.	.	.	.	.	.	.
66394	C	.	.	.	.	.	.	.	.	.	.	.	T	.	.	T	.	.	.	.	.	.	.	.	.	.	.	.	.	.	.	.	.	.	.	.	.	.	.	.	.	.
71687	G	.	.	.	.	.	.	A	N	.	.	.	.	.	.	.	.	N	.	.	N	.	.	.	.	.	.	N	N	.	N	.	.	.	.	.	.	.	.	.	.	.
71721	G	N	.	N	.	N	N	N	N	N	N	N	N	.	N	N	.	N	N	.	N	N	N	N	.	.	N	N	N	N	N	N	N	N	N	N	N	N	N	N	T	N
71739	G	.	.	.	.	N	.	A	N	.	N	.	.	.	.	.	.	.	.	.	N	.	.	.	.	.	.	N	N	N	N	.	.	.	N	N	N	.	N	.	.	.
72135	C	N	.	.	.	.	.	.	.	A	.	.	.	.	.	.	.	.	.	.	.	.	.	.	.	.	.	.	N	N	N	.	.	.	.	.	.	.	.	.	.	.
76343	C	.	.	.	.	.	.	.	.	.	.	.	.	.	.	.	.	.	.	.	.	.	.	.	.	.	.	T	.	.	.	.	.	.	.	.	.	.	.	.	.	.
77864	T	N	C	C	C	C	C	C	C	C	C	C	C	C	C	C	C	C	C	C	C	C	C	C	.	C	C	C	N	N	N	C	C	C	C	C	C	C	C	C	C	C
85842	C	.	.	.	.	.	.	.	.	T	.	.	.	.	.	.	.	.	.	.	.	.	N	.	.	.	.	.	N	.	N	.	.	.	.	.	.	.	.	.	.	.
86851	C	.	.	.	.	.	.	.	.	.	T	.	.	.	.	.	.	.	.	N	.	.	.	.	.	.	.	.	.	.	.	.	.	.	.	.	N	.	.	.	.	.
86867	G	.	.	.	.	.	.	.	.	.	.	.	.	.	.	.	.	.	.	.	.	.	.	.	.	.	.	A	N	.	.	.	.	.	.	.	.	.	N	.	.	.
87647	G	.	.	.	.	.	.	.	.	.	.	.	.	.	.	.	.	.	.	.	.	.	.	.	.	.	.	A	.	.	.	.	.	.	.	.	.	.	.	.	.	.
93969	G	.	.	.	.	.	.	.	.	.	.	.	.	.	.	.	.	.	.	.	A	.	.	.	.	.	.	.	N	.	.	.	.	.	.	.	.	.	.	.	.	.
94052	A	.	.	.	.	.	.	.	.	.	.	.	G	.	.	G	.	.	.	.	.	.	.	.	.	.	.	.	N	.	.	.	.	.	.	.	.	.	.	.	.	.
94314	G	N	.	.	.	.	.	.	.	.	.	A	.	.	.	.	.	.	N	N	.	.	N	.	.	.	N	.	N	N	N	.	.	.	.	.	.	.	.	.	.	.
100574	A	.	.	G	G	G	G	G	G	G	G	.	G	G	.	G	.	G	G	.	G	.	G	N	.	.	G	G	N	G	.	G	G	G	G	G	G	G	G	G	G	G
104592	G	.	.	.	.	.	.	.	.	.	.	.	.	.	.	.	C	.	.	.	.	.	.	.	.	.	.	.	.	N	.	.	.	.	.	.	.	.	.	.	.	.
110180	C	N	.	.	.	.	.	.	.	.	.	.	.	.	.	.	.	G	.	.	.	.	.	.	.	.	.	.	N	N	N	G	G	G	.	.	.	.	.	.	.	.
115521	G	.	.	.	.	.	.	.	.	.	.	.	.	.	.	.	.	.	.	.	.	.	.	.	.	.	.	A	N	.	.	.	.	.	.	.	.	.	.	.	.	.
116225	C	.	.	.	.	T	T	.	T	T	T	.	.	T	.	.	.	.	.	.	.	.	T	.	.	.	T	.	N	N	N	.	.	.	T	T	T	T	T	T	T	T
122485	C	N	.	.	.	.	.	.	G	.	.	.	.	.	.	.	.	.	.	.	.	.	.	.	.	.	.	.	.	.	.	.	.	.	.	.	.	.	.	.	.	.
142265	C	N	.	.	.	.	.	.	.	.	.	.	.	.	.	.	.	.	.	.	.	.	.	.	.	.	.	T	N	.	N	.	.	.	.	.	.	.	.	.	.	.
142746	G	N	.	.	.	.	.	.	.	.	.	.	.	.	.	.	.	.	.	.	.	.	.	.	.	.	.	.	N	.	N	C	C	C	.	.	.	.	.	.	.	.
155894	A	.	.	.	.	.	.	.	.	.	.	.	C	.	.	.	.	.	.	.	.	.	.	.	.	.	.	.	N	N	N	.	.	.	.	.	.	.	.	.	.	.
156556	G	N	.	.	.	.	.	A	.	.	.	.	.	.	.	.	.	.	.	N	.	.	N	.	.	.	.	.	N	N	N	.	.	.	.	.	.	.	.	.	.	.
156948	C	.	.	.	.	T	T	.	T	T	T	.	.	T	.	.	.	.	.	.	.	.	T	.	.	.	N	.	N	N	N	.	.	.	T	T	T	T	T	T	T	T
164770	G	.	.	.	.	.	.	.	.	.	.	.	.	.	.	.	.	.	.	N	A	.	.	.	.	.	.	.	N	.	.	.	.	.	.	.	.	.	.	.	.	.
168079	A	.	.	.	.	.	.	G	.	.	.	.	.	.	.	.	.	.	.	.	.	.	.	.	.	.	.	.	N	G	N	.	.	.	.	.	.	.	.	.	.	.
172071	A	.	.	.	.	.	.	.	.	.	.	.	.	.	.	.	.	T	.	.	.	.	.	.	.	.	.	.	N	.	N	.	.	.	.	.	.	.	.	.	.	.
172074	G	.	.	.	.	.	.	.	.	.	.	.	.	.	.	.	.	T	.	.	.	.	.	.	.	.	.	.	N	.	N	.	.	.	.	.	.	.	.	.	.	.
180750	G	.	.	.	.	.	.	.	.	.	.	.	A	.	.	.	.	.	.	.	.	.	.	.	.	.	.	.	N	.	.	.	.	.	.	.	.	.	.	.	.	.
182140	T	.	.	.	.	.	.	.	.	.	.	.	.	.	.	C	.	.	.	.	.	.	.	.	.	.	.	.	.	.	.	.	.	.	.	.	.	.	.	.	.	.
190181	G	.	.	.	.	.	.	.	.	.	.	.	.	.	.	.	.	.	.	.	.	.	.	.	.	.	.	A	N	.	.	.	.	.	.	.	.	.	.	.	.	.
193848	C	.	.	.	.	T	T	.	T	T	T	.	.	T	.	.	.	.	.	.	.	.	T	.	.	.	T	.	N	.	.	.	.	.	T	T	T	T	T	T	T	T
194328	C	.	.	.	.	.	.	.	.	.	.	.	.	.	.	.	.	.	.	.	.	.	.	.	.	.	.	T	N	.	.	.	.	.	.	.	.	.	.	.	.	.
196421	C	.	.	.	.	.	.	.	.	.	.	.	.	.	.	.	.	.	.	.	.	.	.	.	.	.	.	T	N	.	N	.	.	.	.	.	.	.	.	.	.	.
199244	C	.	.	.	.	.	.	.	.	.	.	.	.	.	.	.	.	.	.	.	A	.	.	.	.	.	.	.	N	.	N	.	.	.	.	.	.	.	.	.	.	.
203057	G	.	.	.	.	.	.	.	.	.	.	.	.	.	.	.	.	.	.	.	.	.	.	.	.	.	.	A	N	N	.	.	.	.	.	.	.	.	.	.	.	.
217051	G	.	.	.	.	.	.	.	.	.	.	.	.	.	.	.	T	.	.	N	.	.	.	.	.	.	.	.	.	.	.	.	.	.	.	.	.	.	.	.	.	.
219331	A	.	.	.	.	.	.	.	.	.	.	.	.	.	.	.	.	.	.	.	.	.	.	.	.	C	.	.	N	.	.	.	.	.	.	.	.	.	.	.	.	.
221662	C	.	.	.	.	.	.	.	.	.	.	.	.	.	.	.	.	.	.	.	.	.	.	.	.	A	.	.	N	N	.	.	.	.	.	.	.	.	.	.	.	.
222056	G	.	.	.	.	.	.	.	.	.	.	.	.	.	.	.	.	.	.	.	A	.	.	.	.	.	.	.	N	.	.	.	.	.	.	.	.	.	.	.	.	.
225249	G	N	.	.	.	.	.	.	.	.	.	.	.	.	.	.	.	.	N	.	.	.	.	.	.	.	.	A	N	N	N	.	.	.	.	.	.	.	.	.	.	.
227077	A	.	.	.	.	N	G	.	.	.	G	.	.	.	.	.	.	.	.	.	.	.	.	.	.	.	.	.	N	.	N	.	.	.	.	.	.	.	.	.	.	.
227730	G	.	.	.	.	.	.	.	.	.	.	.	.	.	.	.	.	.	.	.	.	.	.	.	.	.	.	A	N	N	.	.	.	.	.	.	.	.	.	.	.	.
228261	C	.	.	.	.	.	.	.	.	.	.	.	.	.	.	.	.	.	.	.	.	.	N	.	.	.	.	.	N	.	.	T	T	T	.	.	.	.	.	.	.	.
233893	G	.	.	.	.	.	.	.	A	.	.	.	.	.	.	.	.	.	.	.	.	.	.	.	.	.	.	.	N	N	.	.	.	.	.	.	.	.	.	.	.	.
240490	C	.	.	.	.	.	.	.	.	.	.	.	T	.	.	T	.	.	.	.	.	.	.	.	.	.	.	.	N	.	.	.	.	.	.	.	.	.	.	.	.	.
248743	C	.	.	.	.	.	.	.	.	.	.	.	.	.	.	.	.	.	.	.	.	.	.	.	.	.	.	T	N	.	N	.	.	.	.	.	.	.	.	.	.	.
250350	G	.	.	.	.	.	.	.	.	.	.	.	.	.	.	.	.	.	.	.	.	.	.	.	.	.	.	A	N	N	.	.	.	.	.	.	.	.	.	.	.	.
250837	C	N	.	.	.	.	.	T	.	.	.	.	.	.	.	.	.	.	N	.	.	.	N	.	.	.	.	N	N	N	N	.	.	.	.	.	.	.	.	.	.	.
253623	C	T	.	.	.	.	.	.	.	.	.	T	.	.	T	.	.	.	.	.	.	T	.	T	.	.	.	.	N	N	N	.	.	.	.	.	.	.	.	.	.	.
254429	G	.	.	.	.	.	.	.	.	.	.	.	C	.	.	C	.	.	.	.	.	.	.	.	.	.	.	.	N	.	.	.	.	.	.	.	.	.	.	.	.	.
256915	G	.	.	.	.	.	.	.	.	.	.	.	.	.	.	.	.	.	.	.	.	.	.	.	.	C	.	.	.	.	.	.	.	.	.	.	.	.	.	.	.	.
261744	C	.	.	.	.	.	.	.	.	.	.	.	.	.	T	.	.	.	.	.	.	.	.	.	.	.	.	.	N	.	.	.	.	.	.	.	N	.	.	.	.	.
262178	G	.	.	.	.	.	.	.	.	.	.	.	.	.	.	.	.	.	.	.	.	.	.	.	.	.	.	A	.	.	.	.	.	.	.	.	.	.	.	.	.	.
264501	A	C	C	C	C	C	C	C	C	C	C	C	C	C	C	C	C	C	C	C	C	C	C	C	.	C	C	C	N	C	N	C	C	C	C	C	C	C	C	C	C	C
264623	G	N	.	.	.	.	.	.	.	.	.	.	.	.	.	.	.	A	.	.	.	.	.	.	.	.	.	.	N	.	N	A	A	A	.	.	.	.	.	.	.	.
270296	G	.	.	.	.	.	.	.	.	.	.	.	.	.	.	.	T	.	.	.	.	.	.	.	.	.	.	.	N	.	.	.	.	.	.	.	.	.	.	.	.	.
277449	G	.	.	.	.	.	.	.	.	.	.	.	A	.	.	A	.	.	.	.	.	.	.	.	.	.	.	.	.	.	.	.	.	.	.	.	.	.	.	.	.	.
278888	T	.	.	.	.	.	.	.	.	.	.	.	A	.	.	.	.	.	.	.	.	.	.	.	.	.	.	.	N	.	N	.	.	.	.	.	.	.	.	.	.	.
289884	G	.	.	.	.	.	.	.	.	.	.	.	.	.	.	.	.	.	.	.	C	.	.	.	.	.	.	.	N	.	N	.	.	.	.	.	.	.	.	.	.	.
296853	C	.	T	.	.	.	.	.	.	.	.	.	.	.	.	N	.	.	.	.	T	.	.	.	.	.	.	T	N	.	N	G	G	G	.	.	.	.	.	.	.	.
296854	C	.	.	.	.	.	.	.	.	.	.	.	.	.	.	.	.	.	.	.	.	.	.	.	.	.	.	.	N	.	N	A	A	A	.	.	.	.	.	.	.	.
298351	T	.	.	.	.	.	.	.	.	.	.	.	G	.	.	.	.	.	.	.	.	.	.	.	.	.	.	.	N	.	.	.	.	.	.	.	.	.	.	.	.	.
298362	A	.	.	.	.	.	.	.	N	.	.	.	G	.	.	.	.	.	.	.	.	.	.	.	.	.	.	.	N	.	.	.	.	.	.	.	.	.	.	.	.	.
298572	A	N	G	G	G	G	G	G	G	G	G	G	G	G	G	G	G	G	G	G	G	G	G	G	.	.	G	G	N	G	G	G	G	G	G	G	G	G	G	G	G	G
305310	G	.	.	.	.	.	.	.	.	.	.	.	.	A	.	.	.	.	.	.	.	.	.	.	.	.	.	.	.	.	.	.	.	.	A	.	A	.	.	.	.	.
305585	G	.	.	.	.	N	.	.	A	A	.	.	.	.	.	.	.	.	N	.	.	.	N	.	.	.	.	.	N	N	N	.	.	.	.	.	.	.	.	.	.	.
305586	G	.	.	.	.	N	.	.	.	A	.	.	.	.	.	.	.	.	N	.	.	.	N	.	.	.	.	.	N	N	N	.	.	.	.	.	.	.	.	.	.	.
305597	G	.	.	.	.	.	.	.	.	.	.	.	.	.	.	.	.	C	N	.	.	.	.	.	.	.	.	N	N	N	N	C	C	C	.	.	.	.	.	.	.	.
305654	C	.	.	.	.	.	.	.	.	.	.	T	.	.	.	.	.	.	.	.	.	.	.	.	.	.	.	N	N	.	N	.	.	.	.	.	.	.	.	.	.	.
307377	G	.	.	.	.	.	.	.	.	.	.	.	.	.	.	.	.	.	.	.	.	.	.	.	.	.	.	A	N	N	.	.	.	.	.	.	.	.	.	.	.	.
309516	A	.	.	.	.	.	.	.	.	.	.	.	C	.	.	.	.	.	.	.	.	.	.	.	.	.	.	.	N	N	N	.	.	.	.	.	.	.	.	.	.	.
310911	G	.	A	.	.	N	.	.	.	.	.	.	A	.	.	.	.	.	.	.	A	.	.	.	.	.	.	A	.	.	.	.	.	.	.	.	.	.	.	.	.	.
312038	T	N	.	.	.	N	.	.	N	.	N	.	.	.	.	N	.	.	.	N	N	.	.	.	.	.	N	N	N	N	N	.	N	.	.	C	N	.	.	N	N	N
312049	C	N	N	.	N	N	N	N	N	.	N	N	.	.	N	N	.	N	N	N	N	N	N	N	.	.	N	N	N	N	N	.	.	N	N	N	N	T	N	N	N	N
313361	A	N	G	G	G	G	G	G	G	G	G	G	G	G	G	G	G	G	G	.	G	G	G	G	.	.	G	G	N	G	G	G	G	G	G	G	G	G	G	G	G	G
322728	G	.	.	.	.	.	.	.	.	.	.	.	.	.	.	.	T	.	.	.	.	.	.	.	.	.	.	.	N	.	.	.	.	.	.	.	.	.	.	.	.	.
328284	G	.	.	.	.	.	.	.	.	.	.	.	.	.	.	.	.	.	A	.	.	.	.	.	.	.	.	.	N	.	.	.	.	.	.	.	.	.	.	.	.	.
328289	C	.	.	.	.	.	.	.	.	.	.	.	T	.	.	T	.	.	.	.	.	.	.	.	.	.	.	.	N	.	.	.	.	.	.	.	.	.	.	.	.	.
328604	G	.	.	.	.	N	A	.	.	.	A	.	.	.	.	.	.	.	.	.	.	.	.	.	.	.	.	.	N	N	.	.	.	.	.	.	.	.	.	.	.	.
330125	G	.	.	A	A	A	A	A	A	A	A	.	A	A	.	A	.	A	A	.	A	.	A	.	.	.	A	A	N	A	.	A	A	A	A	A	A	A	A	A	A	A
330912	A	N	.	.	.	.	.	G	.	.	.	.	.	.	.	.	.	.	.	.	.	.	N	.	.	.	.	.	N	N	N	.	.	.	.	.	.	.	.	.	.	.
336266	T	.	.	.	.	.	.	C	.	.	.	.	C	.	.	C	.	.	.	.	C	.	.	.	.	.	.	.	N	N	.	.	.	.	.	.	.	.	.	.	.	.
337803	C	.	.	.	.	.	.	.	.	T	.	.	.	.	.	.	.	N	.	.	.	.	.	.	.	.	.	.	N	N	N	.	.	.	.	.	.	.	.	.	.	.
344782	C	.	.	.	.	.	.	.	.	.	.	.	.	.	.	.	.	.	.	.	.	.	.	.	.	.	.	T	N	.	.	.	.	.	.	.	.	.	.	.	.	.
345033	C	N	.	.	.	.	.	.	.	.	N	.	.	.	.	.	.	.	.	.	.	.	.	.	.	.	.	.	.	.	N	.	.	.	.	.	.	T	T	T	T	T
347278	A	N	.	.	.	.	.	.	.	.	.	.	N	.	.	.	.	.	.	.	.	.	.	.	.	.	.	.	N	N	.	.	.	.	.	.	.	C	N	C	C	C
347280	G	N	N	.	.	.	N	N	N	N	N	.	.	.	N	N	.	.	.	N	N	N	.	N	.	.	.	.	N	N	N	.	.	.	.	.	N	C	C	N	N	C
347385	T	N	C	C	C	C	C	C	C	C	C	C	.	C	C	C	C	C	C	C	C	C	C	C	.	.	C	C	C	C	N	C	C	C	C	C	C	C	C	C	C	C
349747	G	.	.	.	.	N	.	A	.	.	.	.	.	.	.	.	.	.	.	N	N	.	.	N	.	.	N	N	N	A	N	.	.	.	.	.	.	.	.	.	.	.
349982	C	.	.	.	.	.	.	.	.	.	.	.	.	.	.	.	.	A	.	.	.	.	.	.	.	.	.	.	.	.	N	.	.	.	.	.	.	.	.	.	.	.
353643	G	.	.	.	.	.	.	.	.	.	.	.	.	.	.	.	.	.	.	.	.	.	.	.	.	.	.	A	N	.	.	.	.	.	.	.	.	.	.	.	.	.
357398	T	.	.	.	.	.	.	.	.	.	.	.	.	.	.	G	.	.	.	.	.	.	.	.	.	.	.	.	.	.	N	.	.	.	.	.	.	.	.	.	.	.
361545	G	.	C	.	.	.	.	.	.	.	.	.	.	.	.	.	.	.	.	.	.	.	.	.	.	.	.	.	N	.	.	.	.	.	.	.	.	.	.	.	.	.
363480	G	.	.	.	.	.	.	.	.	.	.	.	.	.	.	.	.	.	.	.	T	.	.	.	.	.	.	.	N	N	N	.	.	.	.	.	.	.	.	.	.	.
365117	A	.	.	.	.	.	.	.	.	.	.	.	.	.	.	.	.	.	.	.	C	.	.	.	.	.	.	.	N	.	.	.	.	.	.	.	.	.	.	.	.	.
365373	T	.	.	C	C	.	.	.	.	.	.	.	.	.	.	.	.	C	C	.	.	.	.	.	.	.	.	.	N	.	N	C	C	C	.	.	.	.	.	.	.	.
365411	A	.	.	.	.	G	G	.	G	G	G	.	.	G	.	.	.	.	.	.	.	.	G	.	.	.	G	.	N	.	N	.	.	.	G	G	G	G	G	G	G	G
365540	G	N	.	.	.	.	.	T	.	.	.	.	.	.	.	.	.	.	N	N	.	.	.	.	.	.	N	.	N	N	N	.	.	.	.	.	.	.	.	.	.	.
371889	T	N	.	.	.	.	.	.	.	.	.	.	C	.	.	.	.	.	.	N	N	.	N	.	.	.	.	N	N	.	N	.	.	.	.	.	.	.	.	.	.	.
373059	C	.	.	.	.	.	.	.	.	.	.	T	.	.	.	.	.	.	.	N	N	.	N	.	.	.	.	.	N	.	.	.	.	.	.	.	.	.	.	.	.	.
376632	A	.	.	.	.	.	.	.	.	.	.	.	.	.	.	.	.	.	N	.	.	.	.	.	.	.	.	N	.	.	N	.	.	.	.	.	.	G	G	G	G	G
379804	C	.	.	T	T	.	.	.	.	.	.	.	.	.	.	.	.	T	N	.	.	.	N	.	.	.	.	.	N	N	N	T	T	T	.	.	.	.	.	.	.	.
383599	C	G	G	G	G	G	G	G	G	G	G	G	G	G	G	G	G	G	G	G	G	G	G	G	.	.	G	G	N	N	N	G	G	G	G	G	G	G	G	G	G	G
391081	C	.	.	.	.	.	.	.	.	.	.	.	.	.	.	.	.	.	.	.	.	.	.	.	.	.	.	T	.	.	.	.	.	.	.	.	.	.	.	.	.	.
393043	G	N	.	.	.	.	.	A	.	.	.	.	A	.	.	A	.	.	.	.	A	.	.	.	.	.	.	.	N	A	N	.	.	.	.	.	.	.	.	.	.	.
393308	G	.	.	.	.	.	.	.	.	.	.	.	.	.	.	.	.	.	.	.	C	.	.	.	.	.	.	.	N	.	.	.	.	.	.	.	.	.	.	.	.	.
396059	G	.	.	.	.	.	.	T	.	.	.	.	.	.	.	.	.	.	.	.	.	.	N	.	.	.	.	.	.	T	.	.	.	.	.	.	.	.	.	.	.	.
396816	G	A	.	.	.	.	.	.	.	.	.	.	.	.	.	.	.	.	.	.	.	.	.	.	.	.	.	.	N	.	.	.	.	.	.	.	.	.	.	.	.	.
405173	G	.	.	.	.	.	.	.	.	.	.	.	.	.	.	.	.	.	N	.	A	.	.	.	.	.	N	.	N	N	N	.	.	.	.	.	.	.	.	.	.	.
413668	C	.	.	.	.	.	.	.	.	.	.	.	.	.	.	.	.	.	.	N	.	.	.	.	.	.	.	T	N	.	N	.	.	.	.	.	.	.	.	.	.	.
413902	G	.	.	A	A	.	.	.	.	.	.	.	.	.	.	N	.	A	A	.	.	.	.	.	.	.	.	A	N	.	.	A	A	A	.	.	.	.	.	.	.	.
416972	C	N	.	.	.	T	T	.	.	.	T	.	.	.	.	.	.	.	.	.	.	.	.	.	.	.	.	.	.	.	N	.	.	.	.	.	.	.	.	.	.	.
417000	T	.	G	.	.	.	.	.	.	.	.	.	.	.	.	.	.	.	.	.	.	.	.	.	.	.	.	.	.	.	.	.	.	.	.	.	.	.	.	.	.	.
417697	T	.	.	.	.	.	.	.	.	.	.	.	.	.	.	G	.	.	.	N	.	.	.	.	.	.	.	.	N	.	N	.	.	.	.	.	.	.	.	.	.	.
419857	G	.	.	.	.	.	.	.	.	.	.	.	.	.	.	.	.	.	.	.	.	.	.	.	.	.	.	A	.	.	.	.	.	.	.	.	.	.	.	.	.	.
423024	G	.	.	.	.	.	.	.	.	.	.	.	.	.	.	.	.	C	.	.	.	.	.	.	.	.	.	.	N	N	.	.	.	.	.	.	.	.	.	.	.	.
424415	T	.	.	.	.	.	.	.	.	.	.	.	.	.	.	.	.	.	.	G	.	.	.	.	.	.	.	.	N	.	.	.	.	.	.	.	.	.	.	.	.	.
429789	C	.	.	.	.	.	.	.	.	.	.	.	.	.	.	.	.	.	.	G	.	.	.	.	.	.	.	.	N	.	.	.	.	.	.	.	.	.	.	.	.	.
430198	C	.	T	.	.	.	.	.	.	.	.	.	.	.	.	.	.	.	.	.	.	.	.	.	.	.	.	.	.	.	.	.	.	.	.	.	.	.	.	.	.	.
430329	G	.	.	.	.	.	.	.	.	.	.	.	.	.	.	.	.	.	.	.	.	.	.	.	.	.	.	A	.	.	.	.	.	.	.	.	.	.	.	.	.	.
430576	A	.	.	.	.	.	.	.	.	.	.	.	.	.	.	.	.	.	.	.	.	.	.	.	.	.	.	.	N	N	.	.	.	.	.	.	.	G	G	G	G	G
431225	C	.	.	.	.	.	.	.	.	.	.	.	.	.	.	.	.	T	.	.	.	.	.	.	.	.	.	.	N	.	.	T	T	T	.	.	.	.	.	.	.	.
433003	G	.	.	.	.	.	.	.	.	.	.	.	A	.	.	.	.	.	.	.	.	.	.	.	.	.	.	.	N	.	.	.	.	.	.	.	.	.	.	.	.	.
436217	T	.	.	.	.	.	.	C	.	.	N	.	C	.	.	C	.	.	.	N	C	.	.	.	.	.	.	.	.	N	.	.	.	.	.	.	.	.	.	.	.	.
440022	C	.	.	.	.	.	.	.	.	.	.	.	.	.	.	.	.	.	.	.	.	.	.	.	.	.	.	.	.	.	G	.	.	.	.	.	.	.	.	.	.	.
451498	C	.	.	.	.	.	.	T	.	.	.	.	.	.	.	.	.	.	.	.	.	.	N	.	.	.	.	.	N	T	.	.	.	.	.	.	.	.	.	.	.	.
452406	G	.	.	.	.	.	.	.	.	.	.	.	.	.	.	.	.	.	.	.	.	.	.	.	.	.	.	A	.	.	.	.	.	.	.	.	.	.	.	.	.	.
459545	G	.	.	.	.	.	.	.	.	.	.	T	.	.	.	.	.	.	.	.	.	.	.	.	.	.	N	.	N	.	N	.	.	.	.	.	.	.	.	.	.	.
464279	C	N	.	.	.	.	.	.	.	.	.	.	T	.	.	.	.	.	N	.	.	.	.	.	.	.	.	.	N	N	N	.	.	.	.	.	.	.	.	.	.	.
464985	G	.	.	.	.	.	.	.	.	.	.	.	T	.	.	.	.	.	.	.	.	.	.	.	.	.	.	.	N	.	.	.	.	.	.	.	.	.	.	.	.	.
467512	C	.	.	.	T	.	.	.	.	.	.	.	.	.	.	.	.	N	T	N	.	.	.	.	.	.	.	.	.	N	.	T	T	T	.	.	.	.	.	.	.	.
477016	G	.	A	.	.	.	.	.	.	.	.	.	.	.	.	.	.	.	.	.	.	.	.	.	.	.	.	.	N	.	N	.	.	.	.	.	.	.	.	.	.	.
481476	A	G	G	G	G	G	G	G	G	G	G	G	G	G	G	G	G	G	G	G	G	G	G	G	.	.	N	G	N	N	N	G	G	G	G	G	G	G	G	G	G	G
485138	T	N	C	C	C	C	C	C	C	C	C	C	C	C	C	C	C	C	N	N	C	C	C	C	.	.	N	C	N	N	N	C	C	C	C	C	C	C	C	C	C	C
485761	G	N	.	.	.	.	.	.	.	.	.	.	A	.	.	.	.	.	.	.	.	.	.	.	.	.	.	.	N	N	N	.	.	.	.	.	.	.	.	.	.	.
492614	C	.	A	.	.	.	.	.	.	.	.	.	.	.	.	.	A	.	.	.	.	.	.	.	.	.	.	.	N	.	N	.	.	.	.	.	.	.	.	.	.	.
494674	T	G	G	G	G	G	G	G	G	G	G	G	G	G	G	G	G	G	G	G	G	G	G	G	.	.	G	G	N	G	G	G	G	G	G	G	G	G	G	G	G	G
496266	C	.	.	.	.	.	.	.	.	.	.	.	.	.	.	.	.	.	.	.	T	.	.	.	.	.	.	.	.	.	N	.	.	.	.	.	.	.	.	.	.	.
496587	C	.	.	.	.	.	.	.	.	.	.	.	T	.	.	.	.	.	.	.	.	.	.	.	.	.	.	.	N	.	N	.	.	.	.	.	.	.	.	.	.	.
502630	C	.	.	.	.	.	.	.	.	.	.	.	.	.	.	.	T	.	.	.	.	.	.	.	.	.	.	.	N	.	.	.	.	.	.	.	.	.	.	.	.	.
506336	G	.	A	.	.	N	.	.	.	.	.	.	.	.	.	.	.	.	.	.	.	.	N	.	.	.	.	.	N	.	.	.	.	.	.	.	.	.	.	.	.	.
508481	T	C	C	C	C	C	C	C	C	C	C	C	C	C	C	C	C	C	C	C	C	C	C	C	.	.	C	C	N	N	C	C	C	C	C	C	C	C	C	C	C	C
508714	G	.	.	.	.	.	.	.	.	.	N	.	T	.	.	.	.	.	.	.	.	.	N	.	.	.	.	.	N	N	.	.	.	.	.	.	.	.	.	.	.	.
508715	A	.	.	.	.	.	.	.	.	.	.	.	.	.	.	.	.	G	.	.	.	.	.	.	.	.	.	.	N	N	.	G	G	G	.	.	.	.	.	.	.	.
508986	G	.	.	.	A	.	.	.	.	.	.	.	.	.	.	.	.	A	A	.	.	.	.	.	.	.	.	.	N	.	.	A	A	A	.	.	.	.	.	.	.	.
509023	T	N	.	.	.	.	.	.	.	.	.	.	.	C	.	.	.	.	.	.	.	.	.	.	.	.	.	.	N	N	.	.	.	.	C	.	C	.	.	.	.	.
509030	C	.	.	.	.	.	.	.	.	.	.	.	A	.	.	A	.	.	.	.	T	.	.	.	.	.	.	.	N	N	.	.	.	.	.	.	.	.	.	.	.	.
509065	G	.	A	.	.	.	.	A	.	.	.	.	.	.	.	N	.	.	.	.	.	.	.	.	.	.	.	.	N	N	N	.	.	.	.	.	.	.	.	.	.	.
509178	G	.	.	.	.	.	.	A	.	.	.	.	A	.	.	A	.	.	.	.	A	.	.	.	.	.	.	.	N	A	.	.	.	.	.	.	.	.	.	.	.	.
509325	C	N	G	G	G	G	G	G	G	G	G	G	G	G	G	G	G	G	G	N	G	G	G	G	.	G	G	G	G	G	G	G	G	G	G	G	G	G	G	G	G	G
509411	C	.	.	.	.	.	.	.	.	.	.	.	G	.	.	.	.	.	.	.	.	.	.	.	.	.	.	.	.	.	.	.	.	.	.	.	.	.	.	.	.	.
509425	C	.	.	.	.	.	.	.	.	.	.	.	T	.	.	T	.	.	.	N	.	.	.	.	.	.	.	.	N	N	.	.	.	.	.	.	.	.	.	.	.	.
509578	G	.	.	.	.	.	.	.	.	.	.	.	.	A	.	.	.	.	.	.	.	.	.	.	.	.	.	.	.	.	.	.	.	.	.	.	.	.	.	.	.	.
509647	T	.	.	.	.	.	.	.	.	.	.	.	.	.	.	.	.	.	C	.	.	.	.	.	.	.	.	.	.	.	.	.	.	.	.	.	.	.	.	.	.	.
509662	G	.	.	.	.	.	.	.	.	.	.	.	.	.	A	.	.	.	.	.	.	.	.	.	.	.	.	.	.	.	.	.	.	.	.	.	.	.	.	.	.	.
509673	G	.	.	.	.	.	.	.	.	.	.	A	.	.	.	.	.	.	.	.	.	.	.	.	.	.	.	.	.	.	.	.	.	.	.	.	.	.	.	.	.	.
509674	T	N	.	.	.	.	.	C	.	.	.	.	.	.	.	.	.	.	.	.	.	.	.	.	.	.	.	.	.	.	.	.	.	.	.	.	.	.	.	.	.	.
509851	G	N	.	.	.	.	.	T	.	.	.	.	T	.	.	T	.	.	.	.	T	.	.	.	.	.	.	.	N	N	N	.	.	.	.	.	.	.	.	.	.	.
511079	A	.	.	.	.	.	.	.	.	.	.	.	.	.	.	.	.	C	.	.	.	.	.	.	.	.	.	.	.	.	.	C	C	C	.	.	.	.	.	.	.	.
511156	G	.	.	.	.	.	.	.	.	.	.	.	A	.	.	.	.	.	.	.	.	.	.	.	.	.	.	.	.	.	.	.	.	.	.	.	.	.	.	.	.	.
514114	A	.	.	.	.	.	.	.	.	.	.	.	.	.	.	C	.	.	.	.	.	.	.	.	.	.	.	.	.	.	.	.	.	.	.	.	.	.	.	.	.	.
520613	C	.	.	.	.	.	.	.	.	.	.	.	.	.	.	.	.	.	.	.	.	.	.	.	.	.	.	.	N	.	.	A	.	A	.	.	.	.	.	.	.	.
523810	C	T	.	.	.	.	.	.	.	.	.	T	.	.	T	.	.	.	.	.	.	T	.	T	.	.	.	.	T	.	T	.	.	.	.	.	.	.	.	.	.	.
527964	A	.	.	G	G	.	.	.	.	.	.	.	.	.	.	.	.	G	G	.	.	.	.	.	.	.	.	.	.	.	.	G	G	G	.	.	.	.	.	.	.	.
530685	C	.	.	.	.	.	.	.	.	.	.	.	.	T	.	.	.	.	.	.	.	.	.	.	.	.	.	.	N	.	N	.	.	.	.	.	.	.	.	.	.	.
531649	C	N	.	.	.	.	.	.	.	.	.	.	T	.	.	N	.	N	.	N	.	.	.	.	.	.	.	.	N	.	N	.	.	.	.	.	.	.	.	.	.	.
531961	G	.	.	.	.	.	.	.	.	.	.	.	.	.	.	.	.	.	.	.	A	.	.	.	.	.	.	.	N	N	.	.	.	.	.	.	.	.	.	.	.	.
533403	A	N	G	G	G	G	G	G	G	G	G	G	G	G	G	G	G	G	G	G	G	G	G	G	.	G	G	G	G	N	G	G	G	G	G	G	G	G	G	G	G	G
535146	C	.	.	.	.	.	.	.	.	.	.	.	.	.	.	.	.	.	.	T	.	.	.	.	.	.	.	.	N	.	.	.	.	.	.	.	.	.	.	.	.	.
537330	G	.	.	A	A	.	.	.	.	.	.	.	.	.	.	.	.	A	A	.	.	.	.	.	.	.	.	.	.	.	.	A	A	A	.	.	.	.	.	.	.	.
537503	G	T	.	.	.	.	.	.	.	.	.	T	.	.	T	.	.	.	.	N	.	T	.	T	.	.	.	.	T	.	N	.	.	.	.	.	.	.	.	.	.	.
538710	G	.	.	.	C	.	.	.	.	.	.	.	.	.	.	.	.	.	C	.	.	.	.	.	.	.	.	.	.	.	.	.	.	.	.	.	.	.	.	.	.	.
548537	C	.	.	.	.	.	.	.	.	.	.	.	.	.	.	N	T	.	.	.	.	.	.	.	.	.	.	.	N	.	.	.	.	.	.	.	.	.	.	.	.	.
553273	C	N	.	.	.	.	.	.	.	.	.	.	.	.	.	.	.	.	.	.	A	.	.	.	.	.	N	.	N	N	N	.	.	.	.	.	.	.	.	.	.	.
558254	C	.	.	.	.	N	.	.	A	A	.	.	.	.	.	.	.	.	.	.	.	.	.	.	.	.	.	.	N	.	N	.	.	.	.	.	.	.	.	.	.	.
563796	G	.	.	.	.	.	.	C	.	.	.	.	C	.	.	C	.	.	.	.	C	.	.	.	.	.	.	.	N	C	.	.	.	.	.	.	.	.	.	.	.	.
569287	A	.	.	.	.	.	.	.	.	.	.	.	G	.	.	G	.	.	.	.	.	.	.	.	.	.	.	.	.	.	.	.	.	.	.	.	.	.	.	.	.	.
573412	G	.	.	.	.	.	.	.	.	.	.	.	.	.	.	.	.	.	.	.	.	.	.	.	.	.	.	A	.	.	.	.	.	.	.	.	.	.	.	.	.	.
574185	C	.	.	.	.	.	.	.	.	.	.	.	.	.	.	.	.	.	.	.	.	.	.	.	.	T	.	.	N	.	.	.	.	.	.	.	.	.	.	.	.	.
574639	G	.	.	.	.	.	.	.	.	.	.	.	.	A	.	.	.	.	N	.	.	.	.	.	.	.	.	.	.	N	.	.	.	.	A	A	A	.	.	.	.	.
578668	G	.	.	.	.	.	.	.	.	.	.	.	.	.	.	.	.	.	.	.	.	.	.	.	.	.	.	A	.	N	.	.	.	.	.	.	.	.	.	.	.	.
580231	C	.	.	.	.	.	.	.	.	.	.	.	.	.	.	.	.	A	.	.	.	.	.	.	.	.	.	.	N	.	.	A	A	A	.	.	.	.	.	.	.	.
586552	C	.	.	.	.	.	.	.	.	.	.	.	.	.	.	.	.	.	.	.	.	.	.	.	.	.	.	T	.	.	.	.	.	.	.	.	.	.	.	.	.	.
591857	C	.	.	G	G	.	.	.	.	.	.	.	.	.	.	.	.	G	G	N	.	.	.	.	.	.	.	.	.	.	N	G	G	G	.	.	.	.	.	.	.	.
593138	C	N	T	.	.	.	.	.	.	.	.	.	.	.	.	.	.	.	N	.	.	.	.	.	.	.	N	.	N	N	N	.	.	.	.	.	.	.	.	.	.	.
594295	C	N	.	.	A	.	.	.	.	.	.	.	.	.	.	.	.	N	N	N	.	.	.	N	.	.	N	.	N	N	N	.	.	.	.	.	.	.	.	.	.	.
595774	C	.	.	.	.	.	.	.	.	.	.	.	.	.	.	.	.	T	.	.	.	.	.	.	.	.	.	N	N	N	.	T	T	T	.	.	.	.	.	.	.	.
601404	C	.	.	.	.	.	.	.	.	.	.	T	.	.	.	.	.	.	.	.	.	.	.	.	.	.	.	.	N	.	.	.	.	.	.	.	.	.	.	.	.	.
603222	G	.	.	.	.	.	.	.	.	.	.	.	.	.	.	.	.	.	A	.	.	.	.	.	.	.	.	.	N	N	N	.	.	.	.	.	.	.	.	.	.	.
603386	A	.	.	.	.	.	.	G	.	.	.	.	.	.	.	.	.	.	.	.	.	.	.	.	.	.	.	.	N	N	.	.	.	.	.	.	.	.	.	.	.	.
604177	A	.	.	.	.	.	.	.	.	.	.	.	.	.	.	.	.	.	.	.	.	.	.	.	.	.	.	.	.	.	.	.	.	.	G	.	.	.	.	.	.	.
604325	T	.	.	.	.	C	C	.	C	C	C	.	.	C	.	.	.	.	.	.	.	.	C	.	.	.	C	.	.	.	.	.	.	.	C	C	C	C	C	C	C	C
608365	G	N	.	.	.	.	.	.	.	.	.	.	.	.	.	.	.	.	.	.	A	.	.	.	.	.	.	N	.	.	.	.	.	.	.	.	.	.	.	.	.	.
612549	C	N	.	.	.	.	.	.	.	.	.	.	.	.	.	T	.	.	.	.	.	.	N	.	.	.	.	.	N	.	N	.	.	.	.	.	N	.	.	.	.	.
615768	G	N	.	.	.	.	.	.	.	.	.	.	.	.	.	.	.	.	T	N	.	.	.	.	.	.	.	.	N	N	.	.	.	.	.	.	.	.	.	.	.	.
616157	G	.	.	.	.	.	.	.	.	.	.	.	A	.	.	.	.	.	.	.	.	.	.	.	.	.	.	.	N	N	N	.	.	.	.	.	.	.	.	.	.	.
623365	C	.	.	.	.	.	.	.	.	.	.	.	.	T	.	.	.	.	.	.	.	.	.	.	.	.	.	.	N	.	.	.	.	.	T	T	T	.	.	.	.	.
624129	C	.	.	.	.	.	.	.	.	.	.	.	.	.	.	.	.	.	.	.	T	.	.	.	.	.	.	.	.	.	.	.	.	.	.	.	.	.	.	.	.	.
625205	C	N	.	.	.	.	.	.	.	.	.	.	T	.	.	.	.	.	N	.	.	.	.	.	.	.	N	.	N	N	N	.	.	.	.	.	.	.	.	.	.	.
628667	G	.	.	.	.	.	.	.	.	.	.	.	.	.	.	.	T	.	.	.	.	.	N	.	.	.	.	.	N	N	N	.	.	.	.	.	.	.	.	.	.	.
637185	C	N	.	.	.	.	.	T	.	.	.	.	T	.	.	T	.	.	.	N	.	.	.	.	.	.	N	.	N	N	N	.	.	.	.	.	.	.	.	.	.	.
637535	G	N	.	.	.	.	.	T	.	.	.	.	.	.	.	.	.	.	.	.	.	.	.	.	.	.	.	.	N	T	.	.	.	.	.	.	.	.	.	.	.	.
638512	C	.	T	.	.	.	.	.	.	.	.	.	.	.	.	.	.	.	N	.	.	.	.	.	.	.	.	.	N	N	N	.	.	.	.	.	.	.	.	.	.	.
639580	A	.	G	.	.	.	.	.	.	.	.	.	.	.	.	.	G	N	.	.	.	.	.	.	.	.	.	.	N	N	.	.	.	.	.	.	.	.	.	.	.	.
639968	G	.	.	.	.	.	.	.	.	.	.	.	.	.	.	.	.	.	N	.	.	.	.	.	.	.	.	A	N	.	N	.	.	.	.	.	.	.	.	.	.	.
642131	C	N	.	T	T	.	.	.	.	.	.	.	.	.	.	.	.	T	T	N	.	.	.	.	.	.	.	T	.	N	N	T	T	T	.	.	.	.	.	.	.	.
649747	C	.	.	.	.	.	.	.	.	.	.	.	.	.	.	A	.	.	.	.	.	.	.	.	.	.	.	.	N	N	.	.	.	.	.	.	.	.	.	.	.	.
657736	G	N	C	C	C	C	C	C	C	C	C	C	C	C	C	C	C	C	N	N	C	C	N	C	.	C	C	C	N	N	N	C	C	C	C	C	C	C	C	C	C	C
659431	G	.	.	.	.	.	.	.	.	.	.	.	.	.	.	.	.	.	.	.	C	.	.	.	.	.	.	.	.	.	.	.	.	.	.	.	.	.	.	.	.	.
661160	C	.	.	.	.	.	.	.	.	.	.	.	.	.	.	.	.	.	.	.	.	.	.	.	.	.	.	T	N	N	N	.	.	.	.	.	.	.	.	.	.	.
663802	C	.	.	.	.	.	.	.	.	.	.	.	.	.	.	.	.	.	.	T	.	.	.	.	.	.	.	.	.	.	.	.	.	.	.	.	.	.	.	.	.	.
666794	C	N	.	.	.	N	.	.	.	.	.	.	.	.	.	.	.	.	N	N	N	.	N	.	.	.	.	T	N	N	N	.	.	.	.	.	.	.	.	.	.	.
675497	C	.	.	.	.	.	.	.	.	.	.	.	T	.	.	.	.	.	.	.	.	.	.	.	.	.	.	.	N	N	.	.	.	.	.	.	.	.	.	.	.	.
680743	G	N	.	.	.	.	.	.	.	.	.	.	.	.	.	.	.	.	.	.	.	.	.	.	.	.	.	A	N	N	.	.	.	.	.	.	.	.	.	.	.	.
681512	C	.	.	G	.	.	.	.	.	.	.	.	.	.	.	.	.	.	.	.	.	.	.	.	.	.	.	.	N	.	.	.	.	.	.	.	.	.	.	.	.	.
686228	G	.	.	.	.	.	.	.	.	.	.	.	T	.	.	.	.	.	.	.	.	.	.	.	.	.	.	.	.	.	N	.	.	.	.	.	.	.	.	.	.	.
687105	T	N	N	N	.	N	.	N	N	.	.	.	.	.	N	.	.	.	.	.	N	.	C	N	.	.	.	N	.	.	.	.	.	.	N	N	N	.	.	.	.	.
693001	C	.	.	.	.	.	.	.	.	.	.	.	.	.	.	.	.	.	.	.	.	.	.	.	.	G	.	.	N	.	.	.	.	.	.	.	.	.	.	.	.	.
694090	T	C	C	C	C	C	C	C	C	C	C	C	C	C	C	C	C	C	C	C	C	C	C	C	.	.	C	C	C	C	C	C	C	C	C	C	C	C	C	C	C	C
703377	C	N	.	.	.	.	.	.	.	.	.	.	.	.	.	.	.	.	.	.	.	.	N	.	.	.	.	T	.	N	.	.	.	.	.	.	.	.	.	.	.	.
703548	G	.	.	.	.	.	.	.	.	.	.	.	T	.	.	.	.	.	.	.	.	.	.	.	.	.	.	.	.	.	.	.	.	.	.	.	.	.	.	.	.	.
711197	T	.	.	.	.	.	.	C	.	.	.	.	C	.	.	C	.	.	.	.	C	.	.	.	.	.	.	.	.	C	N	.	.	.	.	.	.	.	.	.	.	.
718321	C	.	.	.	.	.	.	.	.	.	.	.	T	.	.	.	.	.	.	.	.	.	.	.	.	.	.	.	N	.	.	.	.	.	.	.	.	.	.	.	.	.
718990	T	.	.	.	.	.	.	.	.	.	.	.	.	.	.	.	.	.	.	.	.	.	.	N	.	.	C	.	.	N	N	.	.	.	.	.	.	.	.	.	.	.
719116	A	N	.	.	.	.	.	.	.	.	.	.	.	.	.	.	.	.	.	.	.	.	.	.	.	.	.	.	G	.	N	.	.	.	.	.	.	.	.	.	.	.
720710	T	.	.	.	.	.	.	.	.	.	.	.	.	.	.	.	.	.	.	.	.	.	.	N	.	.	C	.	N	N	N	.	.	.	.	.	.	.	.	.	.	.
729994	C	.	.	.	.	.	.	.	.	.	.	.	.	.	.	.	.	G	.	.	.	.	.	.	.	.	.	.	N	N	N	G	G	G	.	.	.	.	.	.	.	.
733811	C	.	.	A	A	.	.	.	.	.	.	.	.	.	.	.	.	A	A	.	.	.	.	.	.	.	.	.	N	.	.	A	A	A	.	.	.	.	.	.	.	.
739688	G	.	.	.	.	.	.	.	.	.	.	.	.	.	.	.	.	.	.	.	.	.	.	.	.	.	.	A	N	N	N	.	.	.	.	.	.	.	.	.	.	.
739991	T	.	.	.	.	.	.	.	.	.	.	.	.	.	.	.	.	.	.	.	.	.	.	.	.	.	.	.	.	N	.	.	.	.	.	.	.	C	C	C	C	C
749178	C	N	.	.	.	.	.	T	N	.	.	.	.	.	.	.	.	.	N	.	.	.	.	.	.	.	.	.	N	T	N	.	.	.	.	.	.	.	.	.	.	.
750910	G	.	.	.	.	N	.	.	.	A	.	.	.	.	.	.	.	.	.	.	.	.	.	.	.	.	.	.	N	.	.	.	.	.	.	.	.	.	.	.	.	.
751547	G	.	.	.	.	.	.	.	.	.	.	.	.	.	.	.	.	.	.	.	.	.	.	.	.	.	.	.	N	.	T	.	.	.	.	.	.	.	.	.	.	.
751982	T	.	.	.	.	.	.	G	.	.	.	.	G	.	.	G	.	.	.	.	G	.	.	.	.	.	.	.	.	N	.	.	.	.	.	.	.	.	.	.	.	.
763402	C	.	.	.	.	.	.	.	.	.	.	.	.	.	.	.	.	.	.	.	.	.	.	N	.	.	.	.	N	.	.	G	G	G	.	.	N	.	N	.	N	.
763572	G	.	.	.	.	.	.	A	.	.	.	.	.	.	.	.	.	.	.	.	.	.	.	.	.	.	.	.	N	A	.	.	.	.	.	.	.	.	.	.	.	.
774289	C	.	.	.	.	N	.	.	.	.	N	.	.	.	.	.	.	.	.	.	.	.	.	.	.	T	.	.	.	.	N	.	.	.	.	.	.	.	.	.	.	.
774704	G	.	.	.	.	.	.	.	.	.	.	.	.	A	.	.	.	.	.	.	.	.	.	.	.	.	.	.	N	.	.	.	.	.	A	A	A	.	.	.	.	.
780299	C	.	.	.	.	.	.	.	.	.	.	N	.	.	.	.	.	.	.	.	.	.	N	N	.	.	T	.	.	N	.	.	.	.	.	.	.	.	.	.	.	.
784611	C	.	.	.	.	.	.	.	.	.	.	.	.	.	.	.	.	.	.	.	.	.	.	.	.	.	.	.	.	.	.	.	.	.	.	.	.	T	T	T	T	T
790446	G	.	.	.	.	.	.	.	.	.	.	.	.	.	.	.	.	.	.	.	.	.	.	.	.	.	.	A	.	.	.	.	.	.	.	.	.	.	.	.	.	.
795766	C	.	.	.	.	.	.	.	.	.	.	.	.	.	.	.	.	.	.	G	.	.	.	.	.	.	.	.	.	.	.	.	.	.	.	.	.	.	.	.	.	.
797977	G	.	.	.	.	.	.	.	.	.	.	.	.	.	.	.	.	.	.	T	.	.	.	.	.	.	.	.	N	.	N	.	.	.	.	.	.	.	.	.	.	.
798237	G	.	.	.	.	.	.	.	.	.	.	.	.	.	.	.	.	.	.	.	.	.	.	.	.	.	.	A	.	.	.	.	.	.	.	.	.	.	.	.	.	.
799280	A	.	.	.	.	.	.	.	.	.	.	.	.	.	.	.	.	.	.	.	.	.	N	N	.	.	T	.	N	N	N	.	.	.	.	.	.	.	.	.	.	.
805290	C	.	.	.	.	.	.	T	.	.	.	.	.	.	.	.	.	.	.	.	.	.	.	.	.	.	.	.	.	.	.	.	.	.	.	.	.	.	.	.	.	.
807613	C	.	.	T	T	.	.	.	.	.	.	.	.	.	.	.	.	T	T	.	.	.	.	.	.	.	.	T	N	.	.	T	T	T	.	.	.	.	.	.	.	.
809015	T	.	.	.	.	.	.	.	.	.	.	.	.	.	.	.	.	.	.	C	.	.	.	.	.	.	.	.	.	.	.	.	.	.	.	.	.	.	.	.	.	.
816835	C	.	.	.	.	.	.	.	.	.	.	T	.	.	.	.	.	.	.	.	.	.	.	.	.	.	.	.	.	.	.	.	.	.	.	.	.	.	.	.	.	.
821967	G	.	.	.	.	.	.	.	.	.	.	.	.	.	.	.	.	.	.	.	.	.	A	.	.	.	.	.	.	.	N	.	.	.	.	.	.	.	.	.	.	.
822703	C	.	.	.	.	.	.	.	.	.	.	.	.	.	.	.	T	.	.	.	.	.	.	.	.	.	.	.	N	.	.	.	.	.	.	.	.	.	.	.	.	.
824274	C	.	.	.	.	.	.	.	.	.	.	.	.	.	.	.	.	.	.	G	.	.	.	.	.	.	.	.	.	.	.	.	.	.	.	.	.	.	.	.	.	.
832152	T	C	.	C	C	C	C	C	C	C	C	C	C	C	C	C	.	C	C	.	C	C	N	C	.	.	C	C	N	C	C	C	C	C	C	C	C	C	C	C	C	C
836098	G	.	.	.	.	.	.	.	.	.	.	.	.	.	.	.	.	.	.	.	A	.	.	.	.	.	.	.	.	N	.	.	.	.	.	.	.	.	.	.	.	.
839901	G	.	.	.	.	.	.	.	.	.	.	.	.	.	.	.	.	.	.	.	.	.	.	.	.	.	.	A	N	.	.	.	.	.	.	.	.	.	.	.	.	.
840584	A	G	G	G	G	G	G	G	G	G	G	G	G	G	G	G	G	G	G	.	G	G	G	G	.	.	G	G	N	G	G	G	G	G	G	G	G	G	G	G	G	G
841260	G	.	.	.	.	N	.	.	N	.	.	.	.	.	.	A	.	.	.	N	.	.	.	.	.	.	.	.	N	N	.	.	.	.	.	.	.	.	.	.	.	.
852286	T	.	.	.	.	.	.	.	.	.	.	.	C	.	.	.	.	.	.	.	.	.	.	.	.	.	.	.	N	.	.	.	.	.	.	.	.	.	.	.	.	.
852358	C	N	.	.	.	.	.	.	.	.	.	.	G	.	.	.	.	.	N	.	.	.	.	.	.	.	.	.	.	.	.	.	.	.	.	.	.	.	.	.	.	.
870381	G	.	.	.	.	.	.	A	.	.	.	.	.	.	.	.	.	.	.	.	.	.	.	.	.	.	.	.	N	A	.	.	.	.	.	.	.	.	.	.	.	.
877843	G	.	.	.	.	.	.	.	.	.	.	.	.	.	.	.	.	.	.	.	A	.	.	.	.	.	.	.	.	.	.	.	.	.	.	.	.	.	.	.	.	.
877852	G	.	.	.	.	.	.	.	N	.	.	.	.	.	.	.	.	C	.	.	.	.	.	.	.	.	.	.	.	.	.	.	.	.	.	.	.	.	.	.	.	.
878370	C	.	.	.	.	.	.	.	.	.	.	.	T	.	.	.	.	.	.	.	.	.	.	.	.	.	.	.	.	.	.	.	.	.	.	.	.	.	.	.	.	.
878760	C	.	T	.	.	.	.	.	.	.	.	.	.	.	.	.	.	.	.	.	.	.	.	.	.	.	.	.	N	.	N	.	.	.	.	.	.	.	.	.	.	.
879854	G	.	.	.	.	.	.	.	.	.	.	.	.	.	.	.	.	.	.	.	.	.	.	.	.	.	.	A	N	.	.	.	.	.	.	.	.	.	.	.	.	.
881941	C	.	.	.	.	.	.	.	.	.	.	.	.	.	.	.	.	.	N	.	.	.	N	.	.	.	.	T	.	.	N	.	.	.	.	.	.	.	.	.	.	.
882481	C	.	.	.	.	.	.	.	.	.	.	.	.	.	.	.	.	.	.	T	.	.	.	.	.	.	.	.	.	.	N	.	.	.	.	.	.	.	.	.	.	.
886998	T	.	.	.	.	.	.	.	.	.	.	.	.	.	.	.	.	.	G	.	.	.	.	.	.	.	.	.	.	.	.	.	.	.	.	.	.	.	.	.	.	.
888972	C	.	T	.	.	.	.	.	.	.	N	.	.	.	.	.	.	.	.	.	.	.	.	.	.	.	.	.	N	.	.	.	.	.	.	.	.	.	.	.	.	.
890453	A	G	G	G	G	G	G	G	G	G	G	G	G	G	G	G	G	G	G	G	G	G	G	G	.	.	G	G	N	N	N	G	G	G	G	G	G	G	G	G	G	G
891321	G	.	.	.	.	.	.	.	.	.	.	.	.	.	.	T	.	.	.	.	.	.	.	.	.	.	.	.	.	.	.	.	.	.	.	.	.	.	.	.	.	.
892339	G	.	.	.	.	.	.	.	.	.	.	.	.	.	.	.	.	.	.	.	.	.	.	.	.	.	.	A	N	.	.	.	.	.	.	.	.	.	.	.	.	.
904824	G	C	C	C	C	C	C	C	C	C	C	C	C	C	C	C	C	C	C	C	C	C	C	C	.	.	C	C	N	N	N	C	C	C	C	C	C	C	C	C	C	C
906512	T	N	.	.	.	.	.	.	.	.	C	.	.	.	.	.	.	.	.	N	.	.	N	.	.	.	.	.	N	N	N	.	.	.	.	.	.	.	.	.	.	.
910896	C	.	.	.	.	.	.	.	.	.	.	.	.	.	.	N	.	.	.	.	.	T	.	T	.	.	.	.	.	N	N	.	.	.	.	.	.	.	.	.	.	.
913205	C	.	.	.	.	.	.	.	.	.	.	.	.	.	.	.	.	.	.	T	.	.	.	.	.	.	.	.	N	.	.	.	.	.	.	.	.	.	.	.	.	.
913565	G	.	.	.	.	.	.	.	.	.	.	.	.	.	.	.	C	.	.	.	.	.	.	.	.	.	.	.	.	.	N	.	.	.	.	.	.	.	.	.	.	.
919482	G	.	.	.	.	.	.	C	.	.	.	.	.	.	.	.	.	.	.	.	.	.	.	.	.	.	.	.	N	N	N	.	.	.	.	.	.	.	.	.	.	.
921523	C	N	.	.	.	N	.	.	.	.	.	.	.	.	T	.	.	.	.	.	.	T	.	T	.	.	.	.	N	.	N	.	.	.	.	.	.	.	.	.	.	.
924598	A	.	G	.	.	.	.	.	.	.	.	.	.	.	.	.	.	.	.	.	.	.	.	.	.	.	.	.	.	.	.	.	.	.	.	.	.	.	.	.	.	.
926751	C	.	.	.	.	.	.	.	.	.	.	.	.	.	.	.	.	.	N	.	.	.	.	.	.	.	.	T	N	.	N	.	.	.	.	.	.	.	.	.	.	.
926861	G	.	.	.	.	.	.	.	A	.	.	.	.	.	.	.	.	.	.	.	.	.	N	.	.	.	.	N	N	N	.	.	.	.	.	.	.	.	.	.	.	.
929055	C	.	.	.	.	.	.	.	.	.	.	.	.	.	.	.	.	.	.	.	.	.	.	.	.	.	.	T	N	N	.	.	.	.	.	.	.	.	.	.	.	.
931817	G	.	.	A	.	N	.	.	.	.	.	.	.	.	.	.	.	.	.	.	.	.	.	.	.	.	.	.	.	.	.	.	.	.	.	.	.	.	.	.	.	.
938787	T	.	.	.	.	N	.	.	.	G	.	.	.	.	.	.	.	.	.	.	.	.	.	.	.	.	.	.	.	.	.	.	.	.	.	.	.	.	.	.	.	.
950200	G	.	.	.	.	N	.	.	.	.	.	.	.	.	A	.	.	.	.	.	.	.	.	.	.	.	N	.	N	N	N	.	.	.	.	.	.	.	.	.	.	.
950361	C	.	.	.	.	.	.	.	.	.	.	.	.	.	.	.	.	.	.	T	.	.	.	.	.	.	.	.	.	.	.	.	.	.	.	.	.	.	.	.	.	.
953582	C	.	G	.	.	.	.	.	.	.	.	.	T	.	.	T	G	.	.	.	.	.	.	.	.	.	.	.	N	N	N	.	.	.	.	.	.	.	.	.	.	.
954037	C	.	.	.	.	N	.	G	.	.	.	.	.	.	.	N	.	.	.	.	.	.	.	.	.	.	.	.	.	N	.	.	.	.	.	.	.	.	.	.	.	.
954663	T	N	.	.	.	.	.	.	.	.	.	.	.	C	.	.	.	.	.	.	.	.	.	.	.	.	.	.	N	N	N	.	.	.	C	C	C	.	.	.	.	.
956123	G	.	.	.	.	.	.	.	.	.	.	.	.	.	.	.	.	.	.	.	.	.	.	.	.	.	.	A	N	.	.	.	.	.	.	.	.	.	.	.	.	.
962717	C	.	.	.	.	.	.	.	.	.	.	.	.	.	.	.	.	.	.	.	.	.	.	.	.	.	.	T	N	.	N	.	.	.	.	.	.	.	.	.	.	.
963339	C	.	.	.	.	.	.	T	.	.	.	.	T	.	.	T	.	.	.	N	.	.	.	.	.	.	.	.	.	T	.	.	.	.	.	.	.	.	.	.	.	.
966690	G	N	.	.	.	N	.	C	.	.	.	.	C	.	.	C	.	.	.	.	C	.	.	.	.	.	.	.	.	N	.	.	.	.	.	.	.	.	.	.	.	.
968881	G	.	.	.	.	.	.	.	.	.	.	.	.	.	.	.	.	.	.	.	.	.	.	.	.	.	.	.	N	.	.	.	.	.	.	.	.	A	.	.	.	.
972005	T	G	.	G	G	G	G	G	G	G	G	G	G	G	G	G	.	G	G	.	G	G	G	G	.	.	G	G	N	G	G	G	G	G	G	G	G	G	G	G	G	G
978001	T	.	.	.	.	.	.	.	.	.	.	.	.	.	.	.	.	C	.	.	.	.	.	.	.	.	.	.	N	.	.	.	.	.	.	.	.	.	.	.	.	.
978085	G	.	.	.	.	.	.	.	.	.	N	.	.	.	.	.	A	.	.	.	.	.	.	.	.	.	.	.	N	.	N	.	.	.	.	.	.	.	.	.	.	.
981132	C	.	.	.	.	.	.	T	.	.	.	.	.	.	.	.	.	.	.	.	.	.	.	.	.	.	.	.	N	.	.	.	.	.	.	.	.	.	.	.	.	.
983574	A	.	.	.	.	.	.	.	.	.	.	.	C	.	.	.	.	.	.	.	.	.	.	.	.	.	.	.	.	.	.	.	.	.	.	.	.	.	.	.	.	.
985599	C	.	.	.	.	.	.	.	.	.	.	.	.	.	.	.	.	.	.	.	T	.	.	.	.	.	.	.	N	.	.	.	.	.	.	.	.	.	.	.	.	.
997947	C	.	.	.	.	.	.	.	.	.	.	.	.	.	T	.	.	.	.	.	.	T	.	T	.	.	.	.	N	.	.	.	.	.	.	.	.	.	.	.	.	.
1003995	G	.	.	.	.	.	.	.	.	.	.	.	.	.	.	.	.	T	.	.	.	.	.	.	.	.	.	.	.	N	N	T	T	T	.	.	.	.	.	.	.	.
1007582	G	.	.	A	.	N	.	.	.	.	.	.	.	.	.	.	.	.	.	.	.	.	.	.	.	.	.	N	N	.	.	.	.	.	.	.	.	.	.	.	.	.
1008104	C	.	.	.	.	.	.	.	.	.	.	.	.	.	.	.	.	.	.	.	.	.	.	.	.	.	.	T	.	N	.	.	.	.	.	.	.	.	.	.	.	.
1012293	C	.	.	T	.	.	.	.	.	.	.	.	.	.	.	.	.	.	.	.	.	.	.	.	.	.	.	.	N	N	N	.	.	.	.	.	.	.	.	.	.	.
1017407	G	.	.	.	.	A	A	.	A	A	A	.	.	A	.	.	.	.	.	.	.	.	A	.	.	.	A	.	N	.	N	.	.	.	A	A	A	A	A	A	A	A
1020171	A	.	.	.	.	.	.	.	.	.	.	.	.	.	.	.	.	.	.	.	.	.	.	.	.	G	.	.	.	.	.	.	.	.	.	.	.	.	.	.	.	.
1022098	A	N	.	.	.	.	.	.	.	.	.	.	C	.	.	.	.	.	.	N	.	.	.	.	.	.	.	.	N	N	N	.	.	.	.	.	.	.	.	.	.	.
1025142	C	.	.	.	.	.	.	.	.	.	.	.	.	.	.	.	.	.	.	.	.	.	.	.	.	.	.	.	N	.	.	.	.	.	.	.	.	T	T	T	T	T
1027337	C	.	.	.	.	.	.	.	.	.	.	.	.	.	.	.	.	.	.	N	.	.	.	.	.	.	.	T	N	N	.	.	.	.	.	.	.	.	.	.	.	.
1037678	C	.	.	.	.	.	.	.	.	.	N	.	.	.	.	.	.	T	N	.	.	.	.	.	.	.	.	.	N	.	N	T	T	T	.	.	.	.	.	.	.	.
1038669	C	.	.	.	.	.	.	.	.	.	.	.	.	T	.	.	.	.	.	N	.	.	.	.	.	.	.	.	.	.	.	.	.	.	T	T	T	.	.	.	.	.
1046152	C	.	.	.	.	.	.	.	.	.	.	.	.	.	.	.	.	.	.	.	.	.	.	.	.	.	.	.	T	.	.	.	.	.	.	.	.	.	.	.	.	.
1056594	A	.	.	.	.	.	.	G	.	.	.	.	.	.	.	.	.	.	.	.	.	.	.	.	.	.	.	.	.	N	.	.	.	.	.	.	.	.	.	.	.	.
1064570	G	.	.	.	.	.	.	.	.	.	.	.	.	.	.	.	.	.	.	.	.	.	.	.	.	.	.	A	.	.	.	.	.	.	.	.	.	.	.	.	.	.
1067418	C	.	.	.	.	.	.	T	.	.	.	.	.	.	.	.	.	.	.	.	.	.	.	.	.	.	.	.	.	.	.	.	.	.	.	.	.	.	.	.	.	.
1069840	C	.	T	.	.	.	.	.	.	.	.	.	.	.	.	.	.	.	.	.	.	.	.	.	.	.	.	.	N	.	.	.	.	.	.	.	.	.	.	.	.	.
1069954	T	.	.	.	.	.	.	.	.	.	.	.	C	.	.	C	.	.	.	.	.	.	.	.	.	.	.	.	N	.	.	.	.	.	.	.	.	.	.	.	.	.
1070051	C	.	.	.	.	.	.	.	.	.	.	.	.	T	.	.	.	.	.	.	.	.	.	.	.	.	.	.	N	.	.	.	.	.	.	.	.	.	.	.	.	.
1073641	C	N	.	.	.	.	.	T	.	.	.	.	T	.	.	T	.	.	N	.	.	.	.	.	.	.	N	.	N	T	N	.	.	.	.	.	.	.	.	.	.	.
1079551	C	N	.	.	.	N	.	.	.	.	.	.	.	.	.	T	.	.	.	.	.	.	.	.	.	.	.	.	N	N	.	.	.	.	.	.	.	.	.	.	.	.
1079902	A	.	.	.	G	.	.	.	.	.	.	.	.	.	.	.	.	G	G	.	.	.	.	.	.	.	.	.	.	.	.	G	G	G	.	.	.	.	.	.	.	.
1081267	A	.	.	.	.	N	.	.	.	G	.	.	.	.	.	.	.	.	.	.	.	.	.	.	.	.	.	.	N	.	N	.	.	.	.	.	.	.	.	.	.	.
1086337	C	.	.	.	.	.	.	.	.	.	.	.	.	.	.	.	.	.	.	.	.	.	.	.	.	.	.	.	N	.	.	.	.	.	.	.	.	T	.	.	.	.
1087397	T	C	C	C	C	C	C	C	C	C	C	C	C	C	C	C	C	C	C	C	C	C	C	C	.	.	C	C	N	C	C	C	C	C	C	C	C	C	C	C	C	C
1089199	A	.	.	.	.	.	.	.	.	.	.	.	.	.	.	.	.	.	.	N	G	.	.	.	.	.	.	.	N	.	N	.	.	.	.	.	.	.	.	.	.	.
1089560	T	.	.	.	.	.	.	C	N	.	.	.	C	.	.	C	.	.	.	.	C	.	N	.	.	.	.	N	.	N	N	.	.	.	.	.	.	.	.	.	.	.
1090700	C	N	.	.	.	.	.	.	.	.	.	.	.	.	.	T	.	.	.	.	.	.	.	.	.	.	.	.	.	N	N	.	.	.	.	.	.	.	.	.	.	.
1092198	A	.	.	.	.	.	.	.	.	.	.	G	.	.	.	.	.	.	.	.	.	.	.	.	.	.	.	.	.	.	.	.	.	.	.	.	.	.	.	.	.	.
1103021	G	.	.	.	.	.	.	.	.	.	.	.	.	.	.	.	.	.	.	.	.	.	.	.	.	.	.	A	N	.	.	.	.	.	.	.	.	.	.	.	.	.
1104232	C	.	.	G	G	G	G	G	G	G	G	.	G	G	.	G	.	G	G	.	G	.	G	N	.	.	G	G	.	G	N	G	G	G	G	G	G	G	G	G	G	G
1113923	A	.	.	.	.	.	.	.	.	.	.	.	.	G	.	.	.	.	.	.	.	.	G	.	.	.	.	.	.	.	.	.	.	.	G	G	G	.	.	.	.	.
1120609	C	.	T	.	.	.	.	.	.	.	.	.	.	.	.	.	.	.	.	.	.	.	.	.	.	.	.	.	.	N	N	.	.	.	.	.	.	.	.	.	.	.
1132070	G	.	.	.	.	.	.	.	.	.	.	.	.	.	.	.	T	.	.	.	.	.	.	.	.	.	.	.	.	.	.	.	.	.	.	.	.	.	.	.	.	.
1132949	C	.	.	.	.	.	.	.	.	.	.	.	.	.	.	.	.	.	.	.	T	.	.	.	.	.	.	.	.	N	.	.	.	.	.	.	.	.	.	.	.	.
1133492	T	.	.	G	G	.	.	G	.	.	.	.	G	.	.	G	.	G	G	.	G	.	.	.	.	.	.	N	.	N	.	G	G	G	.	.	.	.	.	.	.	.
1135030	A	.	.	.	.	.	.	.	.	.	.	.	.	.	.	.	.	.	.	.	.	.	.	.	.	.	.	.	N	.	N	.	.	.	.	.	.	G	G	G	G	G
1136635	C	N	.	.	.	.	.	.	.	.	.	.	.	.	.	.	.	.	.	.	.	.	.	.	.	.	.	T	.	N	.	.	.	.	.	.	.	.	.	.	.	.
1143336	A	.	.	.	.	.	.	.	.	.	.	.	.	.	.	.	.	.	.	.	.	.	.	.	.	G	.	.	.	.	.	.	.	.	.	.	.	.	.	.	.	.
1143423	T	C	C	C	C	C	C	C	C	C	C	C	C	C	C	C	C	C	C	N	C	C	C	C	.	.	C	C	C	C	C	C	C	C	C	C	C	C	C	C	C	C
1143812	G	.	.	.	.	N	A	.	.	.	A	.	.	.	.	.	.	.	N	.	.	.	.	.	.	.	.	.	.	.	.	.	.	.	.	.	.	.	.	.	.	.
1147526	G	.	.	.	.	N	.	A	.	.	.	.	.	.	.	.	.	.	.	.	.	.	.	.	.	.	.	.	.	A	.	.	.	.	.	.	.	.	.	.	.	.
1149607	T	.	.	.	.	.	.	C	.	.	.	.	.	.	.	.	.	.	.	.	.	.	.	.	.	.	.	.	N	N	N	.	.	.	.	.	.	.	.	.	.	.
1155582	T	G	G	G	G	G	G	G	G	G	G	G	G	G	G	G	G	G	G	.	G	G	G	G	.	.	G	G	N	N	N	G	G	G	G	G	G	G	G	G	G	G
1160426	C	N	.	.	.	N	G	.	.	.	G	.	.	G	.	.	.	.	.	.	.	.	G	.	.	.	G	.	N	.	.	.	.	.	G	G	G	G	G	G	G	G
1161063	A	.	.	.	.	.	.	G	.	.	.	.	G	.	.	G	.	.	.	.	G	.	.	.	.	.	.	.	N	N	.	.	.	.	.	.	.	.	.	.	.	.
1162797	G	.	.	.	.	N	T	.	.	.	T	.	.	.	.	.	.	.	.	.	.	.	.	.	.	.	.	.	N	.	.	.	.	.	.	.	.	.	.	.	.	.
1164291	C	.	.	.	.	.	.	.	N	.	.	.	.	T	.	.	.	.	.	.	.	.	T	.	.	.	.	.	N	.	.	.	.	.	T	T	T	.	.	.	.	.
1169227	G	.	.	.	.	.	.	.	.	.	.	.	.	.	.	.	T	N	.	.	.	.	.	.	.	.	.	.	.	.	.	.	.	.	.	.	.	.	.	.	.	.
1172045	C	.	.	.	.	.	.	.	.	.	.	.	.	.	.	.	.	.	.	.	.	.	.	.	.	.	.	T	N	.	.	.	.	.	.	.	.	.	.	.	.	.
1179260	G	.	.	.	.	.	A	.	.	.	.	.	.	.	.	.	.	.	.	.	.	.	.	.	.	.	.	.	N	.	.	.	.	.	.	.	.	.	.	.	.	.
1181950	G	.	.	.	.	.	.	.	.	.	.	.	.	.	.	.	.	.	.	.	.	.	A	.	.	.	.	.	N	.	.	.	.	.	.	.	.	.	.	.	.	.
1183001	A	.	.	.	.	.	.	.	.	.	.	.	.	.	.	.	.	.	.	.	N	.	.	.	.	.	.	G	.	N	.	.	.	.	.	.	.	.	.	.	.	.
1183529	G	.	.	.	.	.	.	.	.	.	.	.	.	.	.	.	.	.	.	.	.	.	.	.	.	.	.	A	.	.	.	.	.	.	.	.	.	.	.	.	.	.
1185676	C	.	.	.	.	.	.	.	.	.	.	.	.	.	.	.	.	N	.	.	.	.	.	.	.	.	.	.	N	.	.	.	.	.	.	.	.	T	T	T	T	T
1188386	C	.	.	.	.	.	.	.	.	.	.	.	.	.	T	.	.	.	.	.	.	.	.	.	.	.	.	.	.	.	.	.	.	.	.	.	.	.	.	.	.	.
1191821	G	.	.	.	.	N	A	.	.	.	A	.	.	.	.	.	.	.	.	.	.	.	.	.	.	.	.	.	N	.	.	.	.	.	.	.	.	.	.	.	.	.
1204421	C	.	T	.	.	.	.	.	.	.	.	.	.	.	.	.	.	.	.	.	N	.	.	.	.	.	.	N	N	.	N	.	.	.	.	.	.	.	.	.	.	.
1205773	A	.	.	.	.	N	.	.	G	.	.	.	.	.	.	.	.	N	.	.	.	.	N	.	.	.	.	.	N	N	N	.	.	.	.	.	.	.	.	.	.	.
1206026	G	.	.	.	.	.	.	.	.	.	.	.	.	.	.	.	.	.	.	.	.	.	.	.	.	.	.	.	N	.	.	C	.	.	.	.	.	.	.	.	.	.
1206341	C	.	.	.	.	.	.	.	.	.	.	.	.	T	.	.	.	.	.	.	.	.	.	.	.	.	.	.	N	N	.	.	.	.	.	.	.	.	.	.	.	.
1206355	C	N	.	.	.	.	.	.	.	.	.	.	T	.	.	.	.	.	.	.	.	.	.	.	.	.	.	.	N	N	.	.	.	.	.	.	.	.	.	.	.	.
1214326	C	N	.	.	T	.	.	.	.	.	.	.	.	.	.	.	.	T	T	.	.	.	.	.	.	.	.	.	N	.	.	T	T	T	.	.	.	.	.	.	.	.
1216239	G	.	.	.	.	.	.	.	.	.	.	.	.	.	.	.	.	.	.	.	A	.	.	.	.	.	.	.	N	.	.	.	.	.	.	.	.	.	.	.	.	.
1217336	G	.	.	.	.	.	.	.	.	.	.	.	.	A	.	.	.	.	.	.	.	.	A	.	.	.	.	.	N	.	N	.	.	.	A	A	A	.	.	.	.	.
1218570	G	.	.	.	.	.	.	.	.	.	.	.	.	.	.	.	.	.	.	.	.	.	.	.	.	.	.	.	N	.	.	.	.	.	.	.	.	T	T	T	T	T
1223294	C	.	.	.	.	.	.	.	.	.	.	.	.	T	.	.	.	.	.	.	.	.	.	.	.	.	.	.	N	.	.	.	.	.	T	.	T	.	.	.	.	.
1225568	G	.	T	.	.	.	.	.	.	.	.	.	.	.	.	.	.	.	.	.	.	.	.	.	.	.	.	N	N	.	N	.	.	.	.	.	.	.	.	.	.	.
1227631	C	A	A	A	A	N	A	A	A	A	A	A	A	A	A	A	A	A	N	A	A	A	A	A	.	A	A	A	N	A	A	A	A	A	A	A	A	A	A	A	A	A
1228087	C	N	.	.	.	.	.	.	.	.	.	.	.	.	.	.	.	.	.	T	.	.	.	.	.	.	.	.	N	N	.	.	.	.	.	.	.	.	.	.	.	.
1232637	G	.	.	.	.	.	.	.	.	.	.	A	.	.	.	.	.	.	.	.	.	.	.	.	.	.	.	.	.	.	N	.	.	.	.	.	.	.	.	.	.	.
1233600	C	.	.	.	.	.	.	.	.	.	.	.	.	.	.	.	.	.	.	.	.	.	.	.	.	T	.	.	.	N	N	.	.	.	.	.	.	.	.	.	.	.
1237129	C	.	.	.	.	.	.	.	.	.	.	.	.	.	.	.	.	T	.	.	.	.	.	.	.	.	.	.	N	.	.	T	T	T	.	.	.	.	.	.	.	.
1246009	C	.	.	.	.	.	.	.	.	.	.	.	.	.	.	.	.	.	.	.	.	.	.	.	.	.	.	T	.	.	.	.	.	.	.	.	.	.	.	.	.	.
1250966	C	.	.	.	.	.	.	.	.	.	N	.	.	.	.	T	.	.	.	.	.	.	.	.	.	.	.	.	N	N	.	.	.	.	.	.	.	.	.	.	.	.
1256127	G	.	.	.	.	N	.	.	.	.	A	.	.	.	.	.	.	.	.	.	.	.	.	.	.	.	.	.	.	.	.	.	.	.	.	.	.	.	.	.	.	.
1257009	A	.	.	.	.	.	.	G	.	.	.	.	.	.	.	.	.	.	.	.	.	.	.	.	.	.	.	.	.	G	.	.	.	.	.	.	.	.	.	.	.	.
1257185	T	C	C	C	C	C	C	C	C	C	C	C	C	C	C	N	C	C	C	C	C	C	C	C	.	.	C	C	C	N	C	C	C	C	C	C	C	C	C	C	C	C
1257306	G	.	.	.	.	.	.	.	.	.	.	.	.	.	.	.	.	.	.	.	.	A	N	A	.	.	.	.	N	.	.	.	.	.	.	.	.	.	.	.	.	.
1262010	T	.	.	.	.	.	.	C	.	.	.	.	C	.	.	C	.	.	.	.	C	.	.	.	.	.	.	.	.	C	N	.	.	.	.	.	.	.	.	.	.	.
1265267	T	G	G	G	G	G	G	G	G	G	G	G	G	G	G	G	G	G	G	G	G	G	G	G	.	G	G	G	N	N	G	G	G	G	G	G	G	G	G	G	G	G
1271477	C	.	.	.	.	.	.	.	.	.	.	.	.	.	.	.	.	.	.	.	.	.	T	.	.	.	.	.	.	.	.	.	.	.	.	.	.	.	.	.	.	.
1271979	G	A	.	.	.	.	.	.	.	.	.	.	.	.	.	.	.	.	.	.	.	.	.	.	.	.	.	.	N	.	N	.	.	.	.	.	.	.	.	.	.	.
1276011	C	.	.	.	.	.	.	T	.	.	.	.	.	.	.	.	.	.	.	.	.	.	.	.	.	.	.	.	N	N	N	.	.	.	.	.	.	.	.	.	.	.
1276847	C	.	.	.	.	.	.	T	.	.	.	.	.	.	.	.	.	.	N	.	.	.	.	.	.	.	.	.	N	N	N	.	.	.	.	.	.	.	.	.	.	.
1277244	G	.	.	.	.	.	.	.	.	.	.	.	.	.	.	.	.	.	.	.	A	.	.	.	.	.	.	.	N	N	N	.	.	.	.	.	.	.	.	.	.	.
1280194	G	.	.	.	.	N	C	.	.	.	C	.	.	.	.	.	.	.	.	.	.	.	.	.	.	.	.	.	.	.	N	.	.	.	.	.	.	.	.	.	.	.
1291018	G	.	.	.	.	A	A	.	A	A	A	.	.	A	.	.	.	.	.	.	.	.	A	.	.	.	A	.	N	.	.	.	.	.	A	A	A	A	A	A	A	A
1295192	A	.	.	G	G	.	.	G	.	.	.	.	G	.	.	G	.	G	G	N	G	.	N	.	.	.	.	G	N	N	N	G	G	G	.	.	.	.	.	.	.	.
1304237	C	.	.	.	.	N	.	.	.	.	.	.	.	.	.	.	.	.	.	.	.	.	.	.	.	.	.	T	N	.	.	.	.	.	.	.	.	.	.	.	.	.
1306182	C	T	.	.	.	.	.	.	.	.	.	.	.	.	.	.	.	.	.	.	.	.	.	.	.	.	.	.	.	.	N	.	.	.	.	.	.	.	.	.	.	.
1313204	C	.	.	.	T	.	.	.	.	.	.	.	.	.	.	.	.	T	T	.	.	.	.	.	.	.	.	.	N	.	.	T	T	T	.	.	.	.	.	.	.	.
1324009	C	N	G	G	G	G	G	G	G	G	G	G	G	G	G	G	G	G	G	N	G	G	G	G	.	.	G	G	N	N	N	G	G	G	G	G	G	G	G	G	G	G
1329459	C	.	.	.	.	T	T	.	T	T	T	.	.	T	.	.	.	.	.	.	.	.	T	.	.	.	T	.	N	N	N	.	.	.	T	T	T	T	T	T	T	T
1329945	G	.	.	.	.	.	.	.	.	.	.	.	.	.	.	.	.	A	.	.	.	.	.	.	.	.	.	.	.	.	N	.	.	.	.	.	.	.	.	.	.	.
1339813	T	C	.	C	C	C	C	C	C	C	C	C	C	C	C	C	.	C	C	.	C	C	C	C	.	.	C	C	N	C	N	C	C	C	C	C	C	C	C	C	C	C
1341211	A	N	.	N	.	.	.	.	.	.	N	.	.	.	.	.	.	.	.	.	.	N	N	N	.	.	G	.	N	N	N	.	.	.	.	.	.	.	.	.	.	.
1341394	C	.	.	.	.	.	.	.	.	.	.	.	T	.	.	T	.	.	.	.	.	.	.	.	.	.	.	.	.	.	.	.	.	.	.	.	.	.	.	.	.	.
1341417	C	N	.	N	.	N	N	.	.	.	N	.	.	.	.	.	.	.	.	.	.	.	N	N	.	.	N	.	T	N	N	.	.	.	.	.	.	.	.	.	.	.
1341460	A	N	.	N	.	N	N	.	.	.	N	.	.	.	.	.	.	.	.	.	N	.	N	N	.	.	N	.	N	C	N	N	.	.	.	.	.	.	.	.	.	.
1341572	T	N	.	N	.	N	N	.	.	.	N	.	.	.	.	.	.	.	.	.	N	.	N	N	.	.	N	.	C	C	N	N	.	.	.	.	.	.	.	.	.	.
1341866	A	N	.	G	.	N	N	.	N	.	G	.	.	.	.	.	.	.	.	.	N	.	N	N	.	.	G	N	N	N	G	N	.	.	.	.	.	.	N	.	.	.
1341925	A	N	.	G	.	N	N	.	.	N	N	.	.	.	.	.	.	.	.	.	.	N	N	N	.	.	N	N	N	N	N	N	.	.	N	.	.	.	.	.	.	.
1342310	C	N	.	N	.	N	N	.	N	.	N	.	.	.	.	N	.	.	.	.	N	N	N	N	.	.	G	.	N	N	G	N	.	.	.	.	.	.	.	.	.	.
1342455	C	N	.	N	.	N	N	.	N	.	N	.	.	.	N	N	.	.	.	N	T	N	N	N	.	.	N	.	N	N	N	.	.	.	.	.	N	.	N	.	N	N
1342476	G	N	.	N	.	N	N	.	N	.	N	.	.	.	N	N	.	.	N	.	A	N	N	N	.	.	N	.	N	N	N	.	.	.	.	.	.	.	N	.	.	.
1343119	T	.	C	.	.	.	.	.	.	.	.	.	.	.	.	.	C	.	N	.	.	.	.	.	.	.	.	.	N	.	N	.	.	.	.	.	.	.	.	.	.	.
1343829	A	.	.	N	.	N	N	.	.	.	.	.	.	.	.	.	.	.	.	.	.	.	N	N	.	.	G	.	N	N	N	N	.	.	.	.	.	.	.	.	.	.
1343838	T	.	.	N	.	N	N	.	.	.	N	.	.	.	.	.	.	.	.	.	.	.	N	N	.	.	C	.	N	N	N	N	.	.	.	.	.	.	.	.	.	.
1343931	G	.	.	N	.	N	.	.	N	.	N	.	.	.	.	.	.	.	.	N	.	N	N	N	.	.	T	.	N	N	N	.	.	.	.	.	.	.	.	.	.	.
1345044	G	N	.	N	.	N	.	.	.	.	N	.	.	.	.	.	.	N	.	.	.	.	N	N	.	.	C	.	N	N	N	.	.	.	.	.	.	.	.	.	.	.
1345244	T	N	.	N	.	N	N	.	N	.	N	.	.	.	.	.	.	.	.	.	N	N	N	N	.	.	C	N	N	N	C	N	.	.	.	.	.	.	.	.	.	.
1345729	A	N	.	N	.	N	N	N	N	.	G	N	.	.	N	N	.	.	.	.	N	N	N	N	.	.	N	N	N	N	N	N	.	.	.	.	.	.	N	.	.	.
1345810	T	N	.	N	.	N	N	.	N	.	N	N	.	.	.	.	.	.	.	.	.	N	N	N	.	.	N	N	C	N	N	.	.	.	.	.	.	.	.	.	.	.
1348056	C	N	.	.	.	.	.	.	.	.	.	.	.	.	.	.	.	.	.	.	.	.	.	.	.	.	.	.	N	N	.	T	T	T	.	.	.	.	.	.	.	.
1348383	T	.	.	.	.	.	.	.	.	.	.	.	.	.	.	.	.	.	.	.	.	.	.	.	.	.	.	.	N	.	.	.	.	.	.	.	.	C	C	C	C	C
1348426	T	C	C	C	C	C	C	C	C	C	C	C	C	C	C	C	C	C	C	C	C	C	C	C	.	.	C	C	N	C	N	C	C	C	C	C	C	C	C	C	C	C
1350890	C	.	.	.	.	.	.	.	.	.	.	.	T	.	.	T	.	.	N	.	.	.	.	.	.	.	.	.	N	.	.	.	.	.	.	.	.	.	.	.	.	.
1351149	C	N	G	G	G	G	G	G	G	G	G	G	G	G	G	G	G	G	G	G	G	G	G	G	.	G	G	G	N	G	G	G	G	G	G	G	G	G	G	G	G	G
1358939	T	.	.	.	.	.	.	.	.	.	.	.	.	.	.	.	.	C	.	.	.	.	.	.	.	.	.	.	.	.	.	.	.	.	.	.	.	.	.	.	.	.
1366492	C	.	.	.	.	.	.	.	.	.	.	.	.	.	.	.	.	.	.	.	.	.	.	.	.	.	N	T	N	N	N	.	.	.	.	.	.	.	.	.	.	.
1368008	T	.	.	.	.	.	.	.	.	.	.	.	C	.	.	C	.	.	.	.	.	.	.	.	.	.	.	.	N	.	.	.	.	.	.	.	.	.	.	.	.	.
1368031	C	.	.	.	.	.	.	T	.	.	.	.	.	.	.	.	.	.	.	.	.	.	.	.	.	.	.	.	N	T	.	.	.	.	.	.	.	.	.	.	.	.
1372166	C	.	.	.	.	.	.	.	.	.	.	T	.	.	.	.	.	.	.	.	.	.	.	.	.	.	.	.	N	.	.	.	.	.	.	.	.	.	.	.	.	.
1374638	G	.	.	.	.	.	.	.	.	.	.	.	.	.	.	.	.	.	.	.	.	.	.	.	.	.	.	A	.	.	.	.	.	.	.	.	.	.	.	.	.	.
1378511	A	.	.	.	.	.	.	.	.	.	.	.	G	.	.	.	.	.	.	.	.	.	.	.	.	.	.	.	.	N	N	.	.	.	.	.	.	.	.	.	.	.
1381437	A	.	.	.	.	.	.	.	.	.	.	.	G	.	.	G	.	.	.	.	.	.	.	.	.	.	.	.	.	.	.	.	.	.	.	.	.	.	.	.	.	.
1388412	C	.	.	.	.	.	.	.	.	.	.	.	.	.	.	.	.	.	.	.	A	.	.	.	.	.	.	.	N	N	.	.	.	.	.	.	.	.	.	.	.	.
1391804	G	N	.	.	.	.	.	.	.	.	.	.	.	.	.	.	.	N	N	N	.	.	.	.	.	.	.	T	N	N	N	.	.	.	.	.	.	.	.	.	.	.
1393702	G	.	.	.	T	.	.	.	.	.	.	.	.	.	.	.	.	.	.	.	.	.	.	.	.	.	.	.	.	.	.	.	.	.	.	.	.	.	.	.	.	.
1396658	C	N	.	.	.	.	.	.	.	.	.	.	.	.	.	.	.	.	.	.	.	.	N	N	.	.	.	.	A	N	N	.	.	.	.	.	.	.	.	.	.	.
1401460	C	.	.	.	.	.	.	.	.	.	.	.	.	.	.	.	.	.	.	.	.	.	.	.	.	.	.	.	N	.	T	.	.	.	.	.	.	.	.	.	.	.
1402551	A	.	.	.	.	.	.	.	.	.	N	.	.	.	.	.	.	.	.	.	G	.	.	.	.	.	.	.	N	.	N	.	.	.	.	.	.	.	.	.	.	.
1403585	A	.	.	.	.	.	.	.	.	.	.	.	G	.	.	.	.	.	.	.	.	.	.	.	.	.	.	.	.	.	.	.	.	.	.	.	.	.	.	.	.	.
1409587	G	.	.	.	.	.	.	.	.	.	.	.	.	.	.	.	.	.	.	.	.	.	.	.	.	.	.	A	.	.	.	.	.	.	.	.	.	.	.	.	.	.
1409826	G	.	.	.	.	.	.	A	.	.	.	.	.	.	.	.	.	.	.	.	.	.	.	.	.	.	.	.	N	N	.	.	.	.	.	.	.	.	.	.	.	.
1413376	G	.	.	.	.	.	.	.	.	.	.	.	.	.	.	.	C	.	.	.	.	.	.	.	.	.	.	.	N	.	.	.	.	.	.	.	.	.	.	.	.	.
1415370	C	.	.	.	.	.	.	T	.	.	.	.	.	.	.	.	.	.	.	.	.	.	.	.	.	.	.	.	N	T	.	.	.	.	.	.	.	.	.	.	.	.
1419580	C	.	.	.	.	.	.	.	.	.	.	.	.	.	.	.	.	.	N	.	T	.	.	.	.	.	.	.	N	.	.	.	.	.	.	.	.	.	.	.	.	.
1423311	G	.	.	.	.	.	.	.	.	.	.	.	.	.	.	.	.	.	.	.	.	.	.	.	.	.	.	A	N	.	N	.	.	.	.	.	.	.	.	.	.	.
1425703	A	.	.	.	.	.	.	.	.	.	.	.	.	.	.	.	.	C	.	.	.	.	.	.	.	.	.	.	.	.	.	C	C	C	.	.	.	.	.	.	.	.
1430562	G	.	.	.	.	.	.	.	.	.	.	.	.	.	.	.	.	.	.	.	.	.	.	.	.	.	.	A	.	.	.	.	.	.	.	.	.	.	.	.	.	.
1442144	C	.	T	.	.	.	.	.	.	.	.	.	.	.	.	.	.	.	.	.	.	.	.	.	.	.	.	.	N	.	.	.	.	.	.	.	.	.	.	.	.	.
1443409	G	N	.	.	.	.	.	.	.	.	.	.	C	.	.	C	.	.	.	N	.	.	.	.	.	.	.	.	N	.	N	.	.	.	.	.	.	.	.	.	.	.
1450888	G	.	.	.	.	.	.	.	.	.	.	.	.	A	.	.	.	.	.	.	.	.	N	.	.	.	.	.	N	.	N	.	.	.	A	A	A	.	.	.	.	.
1452437	G	.	.	.	.	.	.	.	.	.	.	.	.	.	.	.	.	.	.	A	.	.	.	.	.	.	.	.	N	.	.	.	.	.	.	.	.	.	.	.	.	.
1455299	C	.	.	.	.	.	.	.	.	.	.	.	.	.	.	.	.	.	.	.	.	.	.	.	.	.	.	T	.	.	N	.	.	.	.	.	.	.	.	.	.	.
1456091	C	N	.	.	.	.	.	.	A	.	N	.	.	.	.	.	.	.	.	N	.	.	.	.	.	.	.	N	N	.	N	.	.	.	.	.	.	.	.	.	.	.
1459878	C	.	.	.	.	.	.	T	.	.	N	.	.	.	.	.	.	.	.	.	.	.	.	.	.	.	.	.	N	N	N	.	.	.	.	.	.	.	.	.	.	.
1466041	C	.	.	.	.	.	.	.	.	.	.	.	.	A	.	.	.	.	.	.	.	.	A	.	.	.	.	.	N	.	N	.	.	.	A	A	A	.	.	.	.	.
1475246	T	.	.	.	.	.	.	.	.	.	.	.	.	.	.	C	.	.	.	.	.	.	.	.	.	.	.	.	N	.	N	.	.	.	.	.	.	.	.	.	.	.
1475671	G	.	A	.	.	.	.	.	.	.	.	.	.	.	.	.	.	.	N	.	.	.	.	.	.	.	.	.	N	.	.	.	.	.	.	.	.	.	.	.	.	.
1477107	T	.	.	.	.	.	.	.	.	.	.	.	.	.	.	.	.	.	C	.	.	.	.	.	.	.	.	.	N	.	.	.	.	.	.	.	.	.	.	.	.	.
1481100	C	.	T	.	.	.	.	.	.	.	.	.	.	.	.	.	.	.	.	.	.	.	.	.	.	.	.	.	.	.	.	.	.	.	.	.	.	.	.	.	.	.
1488923	G	.	.	.	.	.	.	.	.	.	.	.	.	.	.	.	.	.	.	.	.	.	.	.	.	.	.	A	N	.	N	.	.	.	.	.	.	.	.	.	.	.
1495083	G	.	.	.	.	.	.	.	.	.	.	.	.	.	.	.	.	.	.	.	.	.	.	.	.	.	.	.	.	.	.	.	.	.	.	.	.	A	A	A	A	A
1497876	G	.	.	.	.	.	.	.	.	.	.	.	.	.	.	.	.	.	.	.	.	.	.	.	.	.	.	A	N	N	N	.	.	.	.	.	.	.	.	.	.	.
1504930	G	.	.	.	.	.	.	.	.	.	.	.	A	.	.	.	.	.	.	.	.	.	.	.	.	.	.	.	.	.	.	.	.	.	.	.	.	.	.	.	.	.
1505177	C	.	.	.	.	.	.	.	.	.	.	.	.	.	.	.	.	.	.	.	.	.	.	.	.	.	.	T	.	.	.	.	.	.	.	.	.	.	.	.	.	.
1509131	G	.	.	.	A	.	.	.	.	.	.	.	.	.	.	.	.	.	.	.	.	.	.	.	.	.	.	.	N	.	.	.	.	.	.	.	.	.	.	.	.	.
1512793	C	.	.	.	.	.	.	.	N	.	N	.	.	.	.	.	.	.	.	N	.	.	.	N	.	.	.	T	N	.	N	.	.	.	.	.	.	.	.	.	.	.
1513284	C	.	.	.	.	.	.	.	.	.	.	.	.	.	.	.	T	.	N	.	.	.	.	.	.	.	N	.	N	N	N	.	.	.	.	.	.	.	.	.	.	.
1513602	C	.	.	.	.	.	.	.	N	.	.	.	.	.	.	A	.	.	.	.	.	.	.	.	.	.	.	.	N	N	N	.	.	.	.	.	.	.	.	.	.	.
1513780	C	.	.	.	.	.	.	.	.	.	.	.	.	.	.	.	.	.	.	N	.	.	.	.	.	T	.	.	N	.	N	.	.	.	.	.	.	.	.	.	.	.
1514223	C	.	.	.	.	.	.	.	.	.	.	.	.	.	.	.	.	.	.	.	.	.	.	.	.	.	.	T	N	.	N	.	.	.	.	.	N	.	.	.	.	.
1524667	C	.	.	T	T	.	.	.	.	.	.	.	.	.	.	.	.	T	N	.	.	.	.	.	.	.	.	.	.	.	.	T	T	T	.	.	.	.	.	.	.	.
1526442	G	.	.	.	.	.	.	.	.	.	.	.	.	.	.	.	.	.	.	N	.	.	.	.	.	.	.	.	.	.	.	.	.	.	.	C	.	.	.	.	.	.
1527053	G	.	.	.	.	.	.	.	.	.	.	.	.	C	.	.	.	.	.	.	.	.	.	.	.	.	.	.	.	.	.	.	.	.	C	C	C	.	.	.	.	.
1529088	A	G	G	G	G	G	G	G	G	G	G	G	G	G	G	G	G	G	G	G	G	G	G	G	.	G	G	G	N	G	N	G	G	G	G	G	G	G	G	G	G	G
1530718	A	.	.	.	.	.	.	G	.	.	.	.	G	.	.	G	.	.	.	.	G	.	.	.	.	.	.	.	N	G	N	.	.	.	.	.	.	.	.	.	.	.
1532344	G	N	.	.	.	.	.	.	.	.	.	.	.	.	.	.	.	.	.	.	T	.	.	.	.	.	.	.	N	.	.	.	.	.	.	.	.	.	.	.	.	.
1533316	A	.	N	.	.	.	.	.	.	.	.	.	G	.	.	.	.	.	.	.	.	.	.	.	.	.	.	.	N	.	.	.	.	.	.	.	.	.	.	.	.	.
1538575	A	.	.	.	.	.	.	.	.	.	.	.	.	.	.	.	.	.	.	.	.	.	.	.	.	.	.	G	.	.	.	.	.	.	.	.	.	.	.	.	.	.
1541833	A	.	.	.	.	.	.	.	.	.	.	.	.	.	.	.	.	.	G	.	.	.	.	.	.	.	.	.	.	.	.	.	.	.	.	.	.	.	.	.	.	.
1549169	C	.	.	.	.	.	.	.	.	.	.	.	.	.	.	.	.	.	.	.	.	.	.	.	.	.	.	T	N	N	N	.	.	.	.	.	.	.	.	.	.	.
1562495	C	.	.	.	.	.	.	.	.	.	.	.	.	.	.	.	.	.	.	G	.	.	.	.	.	.	.	.	N	.	.	.	.	.	.	.	.	.	.	.	.	.
1569043	C	.	.	.	.	.	.	.	.	.	.	.	.	.	.	.	.	.	.	.	.	.	T	.	.	.	.	.	N	.	.	.	.	.	.	.	.	.	.	.	.	.
1569371	T	N	.	.	.	.	.	.	.	.	.	.	.	.	.	.	.	.	.	.	.	.	N	N	.	.	C	.	N	N	N	.	.	.	.	.	.	.	.	.	.	.
1569377	T	N	.	.	.	N	.	.	.	.	.	.	.	.	.	.	.	.	N	.	.	.	.	N	.	.	G	.	N	N	N	.	.	.	.	.	.	.	.	.	.	.
1575600	C	.	.	.	T	.	.	.	.	.	.	.	.	.	.	.	.	T	T	.	.	.	.	.	.	.	.	.	.	.	.	T	T	T	.	.	.	.	.	.	.	.
1579019	G	.	.	.	.	.	.	.	.	.	.	.	.	.	.	.	.	.	.	.	.	.	.	.	.	.	.	A	N	.	.	.	.	.	.	.	.	.	.	.	.	.
1579036	T	.	.	.	.	.	.	C	.	.	.	.	.	.	.	.	.	.	.	.	.	.	.	.	.	.	.	.	N	C	.	.	.	.	.	.	.	.	.	.	.	.
1579109	T	G	G	G	G	G	G	G	G	G	G	G	G	G	G	G	G	G	G	G	G	G	G	G	.	.	G	G	N	G	G	G	G	G	G	G	G	G	G	G	G	G
1580884	C	.	.	.	.	.	.	.	.	.	.	.	.	.	.	.	.	.	.	.	.	.	T	.	.	.	.	N	N	N	N	.	.	.	.	.	.	.	.	.	.	.
1585800	A	.	.	.	.	G	G	.	.	.	G	.	.	G	.	.	.	.	.	.	.	.	G	.	.	.	G	.	N	N	.	.	.	.	G	G	G	G	G	G	G	G
1587096	G	.	.	.	.	.	.	.	N	.	.	.	.	.	.	.	.	.	.	.	A	.	.	.	.	.	.	.	N	.	.	.	.	.	.	.	.	.	.	.	.	.
1587643	T	N	.	C	C	.	.	.	N	.	.	.	.	.	N	N	.	C	N	.	N	.	N	.	.	.	N	N	N	N	N	C	C	C	.	.	.	.	.	.	.	.
1587715	C	N	.	T	N	.	N	.	N	.	N	.	.	.	.	N	.	N	N	N	.	.	N	N	.	.	.	N	N	N	N	N	T	N	N	N	N	.	.	.	.	.
1588112	G	.	.	.	.	.	.	.	.	.	.	.	.	C	.	.	.	.	.	N	.	.	.	.	.	.	.	.	N	.	.	.	.	.	C	C	C	.	.	.	.	.
1598840	G	N	.	.	.	.	.	.	.	.	.	.	.	.	.	.	.	.	.	.	.	.	.	.	.	.	.	A	N	N	N	.	.	.	.	.	.	.	.	.	.	.
1599016	C	.	.	.	.	.	.	.	.	.	.	.	.	.	.	.	.	.	.	.	T	.	N	.	.	.	.	.	N	.	N	.	.	.	.	.	.	.	.	.	.	.
1600434	T	.	.	.	.	.	.	.	.	.	.	.	.	G	.	.	.	.	.	.	.	.	.	.	.	.	.	.	.	.	.	.	.	.	G	.	G	.	.	.	.	.
1601902	C	.	.	.	.	.	.	A	.	.	.	.	A	.	.	A	.	.	.	.	.	.	.	.	.	.	.	.	N	A	.	.	.	.	.	.	.	.	.	.	.	.
1604320	A	G	.	.	.	.	.	.	.	.	.	G	.	.	G	.	.	.	.	.	.	G	.	G	.	.	.	.	G	.	N	.	.	.	.	.	.	.	.	.	.	.
1604361	C	.	.	.	.	.	.	.	.	.	.	.	.	.	.	.	.	.	.	.	.	.	T	.	.	.	.	.	.	.	N	.	.	.	.	.	.	.	.	.	.	.
1605956	G	A	.	A	A	A	A	A	A	A	A	A	A	A	A	A	.	A	A	.	A	A	A	A	.	.	A	N	A	N	A	A	A	A	A	A	A	A	A	A	A	A
1610660	G	.	.	.	.	.	.	.	.	.	.	.	A	.	.	.	.	.	N	N	.	.	N	.	.	.	.	.	.	N	N	.	.	.	.	.	.	.	.	.	.	.
1614069	T	C	C	C	C	C	C	C	C	C	C	C	C	C	C	C	C	C	C	C	C	C	C	C	.	.	C	C	N	C	C	C	C	C	C	C	C	C	C	C	C	C
1614647	C	.	.	.	.	.	.	.	.	.	.	.	.	.	.	.	.	.	.	.	A	.	.	.	.	.	.	.	.	.	.	.	.	.	.	.	.	.	.	.	.	.
1618995	G	.	.	.	T	.	.	.	.	.	.	.	.	.	.	.	.	.	.	.	.	.	.	.	.	.	.	.	N	N	.	.	.	.	.	.	.	.	.	.	.	.
1619055	G	.	T	.	.	.	.	.	.	.	.	.	.	.	.	.	.	.	.	.	.	.	.	.	.	.	.	.	.	.	.	.	.	.	.	.	.	.	.	.	.	.
1624427	C	.	.	.	.	.	.	.	.	.	.	.	.	.	.	.	T	.	N	.	.	.	.	.	.	.	.	.	N	.	.	.	.	.	.	.	.	.	.	.	.	.
1625032	G	.	.	.	.	N	.	.	.	.	.	.	.	.	.	.	.	.	A	.	.	.	.	.	.	.	.	.	.	.	.	.	.	.	.	.	.	.	.	.	.	.
1625045	T	G	G	G	G	G	G	G	G	G	G	G	G	G	G	G	G	G	G	G	G	G	G	G	.	G	G	G	G	N	N	G	G	G	G	G	G	G	G	G	G	G
1626817	C	.	.	.	.	.	.	.	.	.	.	.	T	.	.	.	.	.	.	.	.	.	.	.	.	.	.	.	N	.	.	.	.	.	.	.	.	.	.	.	.	.
1626828	C	.	.	.	.	.	.	.	.	.	.	.	T	.	.	.	.	.	.	.	.	.	.	.	.	.	.	.	N	.	.	.	.	.	.	.	.	.	.	.	.	.
1630453	G	.	.	.	.	.	.	.	.	.	.	.	.	.	.	.	.	.	.	.	.	.	.	.	.	.	.	A	.	.	.	.	.	.	.	.	.	.	.	.	.	.
1630518	T	N	.	.	.	.	.	.	.	.	.	.	.	.	.	.	.	.	.	.	.	.	.	.	.	.	.	.	.	N	N	.	.	.	.	.	.	C	C	C	C	C
1630725	C	.	.	.	.	.	.	.	.	.	.	.	.	.	.	.	.	.	.	.	.	.	N	.	.	.	.	T	N	N	N	.	.	.	.	.	.	.	.	.	.	.
1633391	G	.	.	.	.	.	.	.	.	.	.	.	.	.	.	N	.	.	.	A	.	.	.	.	.	.	.	.	N	.	.	.	.	.	.	.	.	.	.	.	.	.
1635967	G	N	.	.	.	N	.	.	.	C	.	.	.	.	.	.	.	.	N	.	.	.	.	.	.	.	.	.	N	N	N	.	.	.	.	.	.	.	.	.	.	.
1635969	G	N	.	.	.	N	.	.	.	T	.	.	.	.	.	.	.	.	N	.	.	.	.	.	.	.	.	.	N	N	N	.	.	.	.	.	.	.	.	.	.	.
1636534	T	.	.	.	.	.	.	.	.	.	.	.	.	.	.	.	.	.	.	.	.	.	.	.	.	A	.	.	N	.	.	.	.	.	.	.	.	.	.	.	.	.
1636666	C	.	.	.	.	.	.	.	.	.	.	.	.	.	.	.	.	.	.	.	.	.	.	.	.	.	.	G	.	.	N	.	.	.	.	.	.	.	.	.	.	.
1638724	C	.	.	.	.	.	.	.	.	.	.	.	T	.	.	T	.	.	.	.	.	.	.	.	.	.	.	.	.	.	.	.	.	.	.	.	.	.	.	.	.	.
1642875	G	T	.	T	T	T	T	T	T	T	T	T	T	T	T	T	.	T	T	.	T	T	T	T	.	.	T	T	T	T	T	T	T	T	T	T	T	T	T	T	T	T
1643162	T	C	C	C	C	C	C	C	C	C	C	C	C	C	C	C	C	C	C	.	C	C	C	C	.	.	C	N	N	N	C	C	C	C	C	C	C	C	C	C	C	C
1646081	G	.	.	.	.	.	.	.	.	.	.	.	.	.	.	.	.	N	.	.	T	.	N	.	.	.	.	.	.	.	N	.	.	.	.	.	.	.	.	.	.	.
1648776	G	.	.	.	.	.	.	.	.	.	N	.	.	.	.	.	.	.	.	.	.	.	.	.	.	.	.	.	N	N	.	.	.	.	.	.	.	A	A	A	A	A
1655090	T	.	.	.	.	.	.	.	.	.	.	.	.	.	.	.	.	.	.	.	.	.	C	.	.	.	.	.	N	.	.	.	.	.	.	.	.	.	.	.	.	.
1657373	G	.	.	.	.	.	.	.	.	.	.	.	.	T	.	.	.	.	.	.	.	.	T	.	.	.	.	.	N	N	.	.	.	.	T	T	T	.	.	.	.	.
1665902	G	.	.	.	.	.	.	C	.	.	.	.	C	.	.	C	.	.	N	.	C	.	.	.	.	.	.	.	N	N	N	.	.	.	.	.	.	.	.	.	.	.
1671198	G	.	.	.	.	.	.	.	.	.	.	.	.	.	.	.	.	N	.	T	.	.	.	.	.	.	.	.	N	N	.	.	.	.	.	.	.	.	.	.	.	.
1674957	A	.	.	G	.	.	.	.	.	.	.	.	.	.	.	.	.	.	.	.	.	.	.	.	.	.	.	.	.	N	.	.	.	.	.	.	.	.	.	.	.	.
1677493	G	C	C	C	C	C	C	C	C	C	C	C	C	C	C	C	C	C	C	C	C	C	C	C	.	C	C	C	N	N	C	C	C	C	C	C	C	C	C	C	C	C
1679768	A	.	.	.	.	.	.	G	.	.	.	.	G	.	.	G	.	.	.	.	G	.	.	.	.	.	.	.	N	G	.	.	.	.	.	.	.	.	.	.	.	.
1680148	C	.	.	.	.	.	.	.	.	.	.	.	.	.	.	.	.	.	.	.	.	.	.	.	.	.	.	T	.	N	.	.	.	.	.	.	.	.	.	.	.	.
1689543	T	.	.	.	.	N	.	.	.	C	.	.	.	.	.	.	.	N	.	.	.	.	N	.	.	.	N	.	N	N	N	.	.	.	.	.	.	.	.	.	.	.
1697145	A	.	.	.	.	.	.	.	.	.	.	.	.	.	.	.	.	G	.	.	.	.	.	.	.	.	.	.	.	.	.	.	.	.	.	.	.	.	.	.	.	.
1697615	G	.	.	.	.	.	.	.	.	.	.	.	.	.	.	.	.	.	.	A	.	.	.	.	.	.	.	.	N	N	N	.	.	.	.	.	.	.	.	.	.	.
1699046	G	.	.	.	.	.	.	.	.	.	.	.	.	.	.	.	.	.	.	.	.	.	.	.	.	.	.	A	.	.	.	.	.	.	.	.	.	.	.	.	.	.
1701578	C	.	.	.	.	.	.	.	.	.	.	.	.	.	.	.	.	.	.	.	.	.	.	.	.	.	.	T	N	.	.	.	.	.	.	.	.	.	.	.	.	.
1701590	G	C	C	C	C	C	C	C	C	C	C	C	C	C	C	C	C	C	C	C	C	C	C	C	.	C	C	C	C	C	C	C	C	C	C	C	C	C	C	C	C	C
1704410	G	.	A	.	.	.	.	.	.	.	.	.	.	.	.	.	.	.	.	.	.	.	.	.	.	.	.	.	N	.	.	.	.	.	.	.	.	.	.	.	.	.
1707739	T	.	.	.	.	.	.	.	N	.	.	.	.	.	.	.	.	.	.	.	C	.	.	.	.	.	.	N	.	.	.	.	.	.	.	.	.	.	.	.	.	.
1713888	G	.	.	.	.	.	.	.	.	.	.	.	.	.	.	.	.	.	.	.	.	.	.	.	.	.	.	A	N	.	.	.	.	.	.	.	.	.	.	.	.	.
1714787	G	.	.	.	.	.	.	.	.	.	.	.	.	.	.	.	.	.	.	.	.	.	.	.	.	.	.	A	N	.	N	.	.	.	.	.	.	.	.	.	.	.
1721295	C	.	.	.	G	.	.	.	.	.	.	.	.	.	.	.	.	.	.	.	.	.	N	.	.	.	.	.	N	N	N	.	.	.	.	.	.	.	.	.	.	.
1721529	G	.	.	.	.	.	.	.	.	.	.	.	.	.	.	A	.	.	.	N	.	.	.	.	.	.	.	.	N	N	.	.	.	.	.	.	.	.	.	.	.	.
1723598	G	.	A	.	.	.	.	.	.	.	.	.	.	.	.	.	.	.	.	.	.	.	.	.	.	.	.	.	.	.	.	.	.	.	.	.	.	.	.	.	.	.
1727539	C	N	.	.	.	.	.	.	.	.	.	.	.	.	.	T	.	.	.	.	.	.	.	.	.	.	.	.	N	N	N	.	.	.	.	.	.	.	.	.	.	.
1730876	C	.	.	.	.	.	.	.	.	.	.	.	.	.	.	.	.	T	.	.	.	.	.	.	.	.	.	.	N	.	N	T	T	T	.	.	.	.	.	.	.	.
1731083	C	.	.	.	.	.	.	.	.	.	.	T	.	.	.	.	.	.	.	.	.	.	.	.	.	.	.	.	N	.	.	.	.	.	.	.	.	.	.	.	.	.
1731359	C	N	.	.	.	.	.	.	.	.	N	.	.	.	.	.	A	.	.	.	.	.	.	.	.	.	.	.	N	.	.	.	.	.	.	.	.	.	.	.	.	.
1732457	C	.	.	.	.	.	.	.	.	.	.	.	A	.	.	A	.	.	.	.	.	.	.	.	.	.	.	.	N	N	.	.	.	.	.	.	.	.	.	.	.	.
1734697	G	.	.	.	.	.	.	.	.	.	.	.	.	A	.	.	.	.	.	.	.	.	A	.	.	.	.	.	N	.	.	.	.	.	A	A	A	.	.	.	.	.
1737055	C	N	.	.	.	.	.	.	.	.	.	.	.	.	.	.	.	N	.	.	.	.	.	.	.	.	.	T	N	.	N	.	.	.	.	.	.	.	.	.	.	.
1740552	G	.	.	.	.	.	.	.	N	.	.	.	.	.	.	.	.	.	.	.	.	.	.	.	.	.	.	A	N	N	.	.	.	.	.	.	.	.	.	.	.	.
1743010	G	.	.	.	.	.	.	.	.	.	.	.	.	.	.	.	.	A	.	.	.	.	N	.	.	.	.	.	N	.	.	.	.	.	.	.	.	.	.	.	.	.
1752705	C	N	.	.	.	.	.	.	.	.	.	.	T	.	.	T	.	.	.	.	.	.	.	.	.	.	N	.	N	N	N	.	.	.	.	.	.	.	.	.	.	.
1753548	C	N	.	.	.	.	.	.	.	.	.	A	.	.	.	.	.	.	.	.	.	.	N	.	.	.	.	.	N	.	.	.	.	.	.	.	.	.	.	.	.	.
1756856	A	.	.	.	.	.	.	.	.	.	.	.	.	.	.	.	.	.	.	C	.	.	.	.	.	.	.	.	.	.	.	.	.	.	.	.	.	.	.	.	.	.
1758390	T	N	.	.	.	N	.	.	.	C	.	.	.	.	.	.	.	.	.	.	.	.	.	.	.	.	.	.	N	.	.	.	.	.	.	.	.	.	.	.	.	.
1758747	C	.	.	.	.	.	.	.	.	.	.	.	.	.	.	.	.	.	.	.	.	.	.	.	.	.	.	T	.	.	N	.	.	.	.	.	.	.	.	.	.	.
1759651	G	.	.	.	.	A	A	.	A	A	A	.	.	A	.	.	.	.	.	.	.	.	A	.	.	.	A	.	N	.	.	.	.	.	A	A	A	A	A	A	A	A
1762243	T	.	.	.	.	.	.	.	.	.	.	.	C	.	.	C	.	.	.	.	.	.	.	.	.	.	.	.	N	N	.	.	.	.	.	.	.	.	.	.	.	.
1762382	C	N	.	.	.	.	.	.	.	.	.	.	.	.	.	.	.	.	.	A	.	.	.	.	.	.	.	.	N	N	N	.	.	.	.	.	.	.	.	.	.	.
1768470	G	.	.	.	.	.	.	.	.	.	.	.	T	.	.	T	.	.	.	.	N	.	.	.	.	.	.	.	N	.	.	.	.	.	.	.	.	.	.	.	.	.
1773379	G	N	.	.	.	.	.	.	.	.	.	A	.	.	.	.	.	.	.	N	.	.	.	.	.	.	.	.	N	N	N	.	.	.	.	.	.	.	.	.	.	.
1773448	G	.	.	.	.	.	.	.	.	.	.	.	.	.	.	.	.	.	.	A	.	.	.	.	.	.	.	.	.	N	.	.	.	.	.	.	.	.	.	.	.	.
1774061	C	.	.	.	.	.	.	.	.	.	.	.	.	.	.	.	.	.	.	.	T	.	N	.	.	.	.	.	N	N	N	.	.	.	.	.	.	.	.	.	.	.
1779293	G	.	.	.	.	.	.	.	.	.	.	.	.	.	.	.	.	.	.	.	.	.	.	.	.	.	.	A	N	.	.	.	.	.	.	.	.	.	.	.	.	.
1783858	C	.	.	.	.	.	.	.	.	.	.	.	T	.	.	.	.	.	.	.	.	.	N	.	.	.	.	.	N	.	.	.	.	.	.	.	.	.	.	.	.	.
1786547	G	.	.	.	.	.	.	.	.	.	.	.	.	.	.	.	.	.	.	.	.	.	.	.	.	.	.	T	.	.	.	.	.	.	.	.	.	.	.	.	.	.
1787399	C	N	.	.	.	T	T	.	T	T	T	.	.	T	.	.	.	N	N	N	.	.	T	.	.	.	N	.	N	N	N	.	.	.	T	T	T	T	T	T	T	T
1792555	C	.	A	.	.	.	.	.	.	.	.	.	.	.	.	.	.	.	.	.	.	.	.	.	.	.	.	.	.	.	.	.	.	.	.	.	.	.	.	.	.	.
1792670	A	.	.	.	.	N	C	.	.	.	C	.	.	.	.	.	.	.	.	.	.	.	.	.	.	.	.	.	N	N	.	.	.	.	.	.	.	.	.	.	.	.
1795888	C	.	.	.	.	.	.	.	.	.	.	.	.	.	.	.	.	.	.	.	.	.	.	.	.	.	.	T	N	.	.	.	.	.	.	.	.	.	.	.	.	.
1797211	C	.	.	.	.	.	.	.	.	.	.	.	.	T	.	.	.	.	.	.	.	.	.	.	.	.	.	.	N	N	.	.	.	.	T	.	T	.	.	.	.	.
1797300	T	.	.	.	.	.	.	.	.	.	.	.	.	.	.	.	.	.	.	.	C	.	.	.	.	.	.	.	N	N	N	.	.	.	.	.	.	.	.	.	.	.
1800299	A	.	.	.	.	.	.	.	.	.	N	.	.	.	.	.	.	.	N	.	.	.	.	.	.	.	.	N	N	N	N	G	G	G	.	.	.	.	.	.	.	.
1803291	C	.	.	.	.	.	.	T	.	.	.	.	.	.	.	.	.	.	.	.	.	.	.	.	.	.	.	.	N	T	.	.	.	.	.	.	.	.	.	.	.	.
1815643	A	.	.	.	.	.	.	.	.	.	.	.	.	.	.	.	.	.	.	.	.	.	.	.	.	.	.	.	N	.	.	.	.	.	.	.	.	C	C	C	C	C
1819543	G	.	.	.	.	N	T	.	.	.	T	.	.	.	.	.	.	.	.	.	.	.	.	.	.	.	T	.	N	.	N	.	.	.	.	.	.	.	.	.	.	.
1822906	T	.	G	.	.	.	.	.	.	.	N	.	.	.	.	.	.	.	.	.	.	G	.	N	.	.	.	.	.	.	.	.	.	.	.	.	.	.	.	.	.	.
1823005	G	.	.	.	.	.	.	.	.	.	.	.	.	.	.	.	.	.	N	.	.	A	.	A	.	.	.	.	N	N	.	.	.	.	.	.	.	.	.	.	.	.
1823140	G	.	.	.	.	.	.	.	.	.	.	.	.	.	.	.	.	.	.	.	.	.	.	.	.	A	.	.	.	.	N	.	.	.	.	.	.	.	.	.	.	.
1823671	A	.	.	.	.	.	.	.	.	T	.	.	.	.	.	.	.	.	.	.	.	.	.	.	.	.	.	.	N	N	.	.	.	.	.	.	.	.	.	.	.	.
1824462	A	.	.	.	G	.	.	.	.	.	.	.	.	.	.	.	.	.	.	N	.	.	.	.	.	.	.	.	.	N	.	.	.	.	.	.	.	.	.	.	.	.
1828126	A	.	.	.	.	.	.	G	.	.	.	.	G	.	.	G	.	.	.	.	G	.	.	.	.	.	.	.	.	G	.	.	.	.	.	.	.	.	.	.	.	.
1836464	T	.	.	.	.	.	.	C	.	.	.	.	.	.	.	.	.	.	.	.	.	.	.	.	.	.	.	.	N	.	N	.	.	.	.	.	.	.	.	.	.	.
1843283	C	A	A	A	A	A	A	A	A	A	A	A	A	A	A	A	A	A	A	A	A	A	A	A	.	A	A	A	A	A	A	A	A	A	A	A	A	A	A	A	A	A
1843649	C	.	.	.	.	.	.	.	.	.	.	.	.	.	.	.	T	.	.	.	.	.	.	.	.	.	.	.	N	.	N	.	.	.	.	.	.	.	.	.	.	.
1844748	G	N	.	.	.	.	.	.	.	.	.	.	.	.	.	.	.	.	.	.	.	.	.	.	.	.	.	A	N	.	N	.	.	.	.	.	.	.	.	.	.	.
1846778	C	.	.	.	.	.	T	.	.	.	.	.	.	.	.	.	.	.	.	.	.	.	.	.	.	.	.	.	N	.	.	.	.	.	.	.	.	.	.	.	.	.
1854466	C	.	.	.	.	.	.	.	.	.	.	.	.	.	.	.	T	.	.	N	.	.	.	.	.	.	.	.	N	N	N	.	.	.	.	.	.	.	.	.	.	.
1862548	C	.	.	.	.	.	.	.	.	.	.	.	.	.	.	.	.	.	.	.	.	.	.	.	.	T	.	.	N	.	.	.	.	.	.	.	.	.	.	.	.	.
1866972	G	.	.	.	.	.	.	.	.	.	.	.	.	.	.	.	.	.	.	.	.	.	.	.	.	T	.	.	N	.	.	.	.	.	.	.	.	.	.	.	.	.
1872785	C	N	.	.	.	.	.	.	.	.	T	.	.	.	.	.	.	.	.	.	.	.	.	.	.	.	.	.	N	N	.	.	.	.	.	.	.	.	.	.	.	.
1873733	G	.	.	.	.	.	.	.	.	.	.	.	.	.	.	.	.	.	.	C	.	.	.	.	.	.	.	.	N	N	.	.	.	.	.	.	.	.	.	.	.	.
1881506	G	N	.	.	.	.	.	.	.	.	N	.	.	.	.	.	.	.	N	N	.	.	N	N	.	.	A	.	N	.	.	.	.	.	.	.	.	.	.	.	.	.
1890243	C	N	G	G	.	G	G	G	G	G	G	G	G	.	G	N	G	G	N	N	G	G	G	G	.	.	G	G	N	N	G	G	G	G	N	N	N	G	G	G	G	G
1890244	G	N	C	C	.	C	C	C	C	C	C	C	C	.	C	N	C	C	N	N	C	C	C	C	.	.	C	C	N	N	C	C	C	C	N	N	N	C	C	C	C	C
1892076	C	T	.	.	.	.	.	.	.	.	.	.	.	.	T	.	.	.	.	.	.	T	.	T	.	.	.	.	N	N	T	.	.	.	.	.	.	.	.	.	.	.
1892559	C	.	.	.	.	.	.	.	.	.	.	.	.	.	.	.	.	.	.	.	.	.	.	.	.	.	.	T	.	.	N	.	.	.	.	.	.	.	.	.	.	.
1893654	G	.	.	.	.	.	.	.	.	.	.	.	.	.	.	.	.	.	.	C	.	.	.	.	.	.	.	.	.	.	N	.	.	.	.	.	.	.	.	.	.	.
1895123	C	.	.	.	.	.	.	.	.	.	.	.	.	.	.	.	.	.	.	.	T	.	.	.	.	.	.	.	.	.	.	.	.	.	.	.	.	.	.	.	.	.
1897187	C	.	.	.	.	.	.	.	.	.	.	.	.	A	.	.	.	.	.	.	.	.	A	.	.	.	.	.	.	.	.	.	.	.	A	A	A	.	.	.	.	.
1899127	G	.	.	.	.	.	.	.	.	.	.	.	A	.	.	.	.	.	.	.	.	.	.	.	.	.	.	.	.	.	.	.	.	.	.	.	.	.	.	.	.	.
1900006	G	.	.	.	.	A	A	.	A	A	A	.	.	A	.	.	.	.	.	.	.	.	A	.	.	.	A	.	N	N	N	.	.	.	A	A	A	A	A	A	A	A
1902730	G	.	.	.	.	.	.	.	.	.	.	.	.	.	.	.	.	.	.	.	.	.	N	.	.	.	.	A	.	.	.	.	.	.	.	.	.	.	.	.	.	.
1920611	G	.	A	.	.	.	.	.	.	.	.	.	.	.	.	.	.	.	.	.	.	.	.	.	.	.	.	.	.	.	.	.	.	.	.	.	.	.	.	.	.	.
1923745	C	.	.	.	.	.	.	.	.	.	.	.	.	.	.	.	.	.	.	.	.	.	N	N	.	.	G	.	N	.	.	.	.	.	.	.	.	.	.	.	.	.
1924059	G	.	.	.	.	.	.	.	.	.	.	.	.	.	.	.	.	.	.	.	.	.	.	.	.	.	.	.	N	.	N	.	.	.	.	.	.	A	A	A	A	A
1926696	T	.	.	C	C	C	C	C	C	C	C	.	C	C	.	C	.	C	N	.	C	.	C	N	.	.	C	C	N	C	.	C	C	C	C	C	C	C	C	C	C	C
1926909	C	.	.	.	.	N	.	.	.	.	.	.	.	.	.	.	.	.	.	.	G	.	.	.	.	.	.	.	.	.	.	.	.	.	.	.	.	.	.	.	.	.
1928719	A	N	.	.	.	.	.	.	.	.	.	.	.	C	.	.	.	.	.	.	.	.	C	.	.	.	.	.	N	.	.	.	.	.	C	C	C	.	.	.	.	.
1933895	G	.	A	.	.	.	.	.	.	.	.	.	.	.	.	.	.	.	.	.	.	.	.	.	.	.	.	.	.	.	.	.	.	.	.	.	.	.	.	.	.	.
1934293	G	.	.	.	.	.	.	.	.	.	.	T	.	.	.	.	.	.	.	.	.	.	.	.	.	.	.	.	.	.	.	.	.	.	.	.	.	.	.	.	.	.
1935401	G	.	.	.	T	.	.	.	.	.	.	.	.	.	.	.	.	.	T	.	.	.	.	.	.	.	.	.	N	.	N	.	.	.	.	.	.	.	.	.	.	.
1937233	G	.	.	.	.	.	.	A	.	.	.	.	A	.	.	A	.	.	.	.	A	.	.	.	.	.	.	.	.	N	.	.	.	.	.	.	.	.	.	.	.	.
1940719	C	.	.	.	.	.	.	.	.	.	.	.	.	.	.	.	.	.	.	.	.	.	.	.	.	.	.	T	N	.	.	.	.	.	.	.	.	.	.	.	.	.
1944319	C	.	.	.	.	N	.	.	.	T	.	.	.	.	.	.	.	.	.	.	.	.	.	N	.	.	.	.	.	.	.	.	.	.	.	.	.	.	.	.	.	.
1947305	A	.	.	.	.	.	.	.	.	.	.	.	C	.	.	.	.	.	.	.	.	.	.	.	.	.	.	.	N	.	N	.	.	.	.	.	.	.	.	.	.	.
1947401	G	N	.	A	A	.	.	.	.	.	.	.	.	.	.	.	.	A	A	.	.	.	.	.	.	.	.	.	N	.	N	A	A	A	.	.	.	.	.	.	.	.
1950291	A	.	.	.	.	.	.	.	.	.	.	.	.	.	.	.	C	.	.	N	.	.	.	.	.	.	.	.	.	.	.	.	.	.	.	.	.	.	.	.	.	.
1952987	C	.	.	.	.	.	.	.	.	.	.	.	.	.	.	.	.	.	.	.	.	.	.	.	.	.	.	T	.	.	.	.	.	.	.	.	.	.	.	.	.	.
1962036	C	N	.	.	.	T	T	.	T	T	T	.	.	T	.	.	.	.	N	N	.	.	T	N	.	.	N	N	N	.	N	.	.	.	T	T	T	T	T	T	T	T
1963524	G	A	.	.	.	.	.	.	N	.	.	A	.	.	A	.	.	.	.	.	.	A	.	N	.	.	.	.	N	.	A	.	.	.	.	.	.	.	.	.	.	.
1964422	T	.	.	.	.	.	.	.	.	.	.	.	.	.	.	.	.	.	.	.	.	.	.	.	.	.	.	C	N	.	N	.	.	.	.	.	.	.	.	.	.	.
1967497	G	.	.	.	.	.	.	.	.	.	.	.	T	.	.	.	.	.	.	.	.	.	.	.	.	.	.	.	.	.	.	.	.	.	.	.	.	.	.	.	.	.
1974638	C	N	.	.	.	.	.	.	.	.	.	.	.	.	.	.	.	.	N	.	.	T	.	T	.	.	N	N	N	N	N	.	.	.	.	.	.	.	.	.	.	.
1977147	T	N	.	.	.	.	.	.	.	.	.	.	.	.	.	.	C	.	.	.	.	.	.	.	.	.	.	.	.	N	.	.	.	.	.	.	.	.	.	.	.	.
1977878	G	.	A	.	.	.	.	.	.	.	.	.	.	.	.	.	.	.	.	.	.	.	N	.	.	.	.	.	N	N	.	.	.	.	.	.	.	.	.	.	.	.
1983606	C	.	.	.	.	.	.	.	.	.	.	.	.	T	.	.	.	.	.	.	.	.	.	.	.	.	.	.	N	.	.	.	.	.	T	.	T	.	.	.	.	.
1987171	C	N	.	.	.	N	N	N	N	.	N	N	.	.	.	N	N	N	N	N	N	N	N	N	.	.	N	.	N	N	N	N	.	N	N	N	N	G	G	G	N	G
1987172	G	N	.	.	.	N	N	.	N	.	N	N	C	.	.	.	.	N	N	N	.	N	N	N	.	.	N	.	N	N	N	.	N	.	N	N	.	.	.	.	.	.
1989988	G	N	.	.	.	.	.	.	N	.	.	.	.	.	.	N	.	.	.	N	T	.	.	.	.	.	.	.	N	.	N	.	.	.	.	.	.	.	.	.	.	.
1996633	C	.	.	.	.	.	.	.	.	.	.	.	.	T	.	.	.	.	N	.	.	.	.	.	.	.	N	N	N	N	N	.	.	.	.	.	.	.	.	.	.	.
1998872	G	.	.	.	.	N	.	.	.	A	.	.	.	.	.	.	.	.	N	N	.	.	N	.	.	.	.	N	N	N	N	.	.	.	.	.	.	.	.	.	.	.
2001902	G	.	.	.	.	.	.	.	.	.	.	.	.	.	.	.	.	.	.	A	.	.	.	.	.	.	.	.	N	N	.	.	.	.	.	.	.	.	.	.	.	.
2005615	G	.	.	.	.	.	.	.	.	.	.	.	.	.	.	.	.	.	.	.	.	.	.	.	.	.	.	A	.	.	.	.	.	.	.	.	.	.	.	.	.	.
2006018	A	N	.	.	.	.	.	.	.	.	.	.	G	.	.	.	.	.	.	.	.	.	.	.	.	.	.	.	N	.	N	.	.	.	.	.	.	.	.	.	.	.
2007166	C	N	.	.	.	.	.	.	.	.	T	.	.	.	.	.	.	.	.	.	.	.	.	.	.	.	.	.	N	N	.	.	.	.	.	.	.	.	.	.	.	.
2011747	T	G	.	G	G	G	G	G	G	G	G	G	C	G	G	G	.	G	G	.	G	G	G	G	.	.	G	G	N	N	N	G	G	G	G	G	G	G	G	G	G	G
2012977	A	N	.	.	.	.	.	.	.	.	.	.	.	.	.	.	.	.	.	.	.	.	.	.	.	.	.	.	N	.	.	.	.	.	.	.	.	G	G	G	G	G
2015320	G	N	.	C	C	C	C	C	N	C	C	.	C	C	.	C	.	C	C	.	N	.	C	.	.	.	C	C	N	N	N	C	C	C	C	C	C	C	C	C	C	C
2017943	A	.	.	.	.	.	.	G	.	.	.	.	G	.	.	G	.	.	.	.	G	.	N	.	.	.	.	.	N	N	N	.	.	.	.	.	.	.	.	.	.	.
2020721	G	.	A	.	.	.	.	.	.	.	.	.	.	.	.	.	.	.	.	.	.	.	.	.	.	.	.	.	N	N	N	.	.	.	.	.	.	.	.	.	.	.
2023404	A	N	.	.	.	.	.	C	.	.	.	.	C	.	.	C	.	.	.	.	C	.	.	.	.	.	.	.	N	C	.	.	.	.	.	.	.	.	.	.	.	.
2027550	C	T	.	.	.	.	.	.	.	.	.	.	.	.	.	.	.	.	.	.	.	.	.	.	.	.	.	.	N	N	N	.	.	.	.	.	.	.	.	.	.	.
2029403	C	.	.	.	.	.	T	.	.	.	.	.	.	.	.	.	.	.	.	.	.	.	.	.	.	.	.	.	.	.	.	.	.	.	.	.	.	.	.	.	.	.
2037548	G	.	.	.	.	.	.	.	.	.	.	.	.	.	.	.	.	.	.	.	.	.	.	.	.	.	.	A	N	.	.	.	.	.	.	.	.	.	.	.	.	.
2039330	C	.	.	.	.	.	.	A	.	.	.	.	.	.	.	.	.	.	.	.	.	.	.	.	.	.	.	.	N	.	.	.	.	.	.	.	.	.	.	.	.	.
2043287	A	G	G	G	G	G	G	G	G	G	G	G	G	G	G	G	G	G	G	N	G	G	G	G	.	G	G	G	N	N	N	G	G	G	G	G	G	G	G	G	G	G
2047765	T	.	.	.	.	.	.	.	.	.	.	.	C	.	.	C	.	.	N	.	.	.	.	.	.	.	.	N	N	.	.	.	.	.	.	.	.	.	.	.	.	.
2049869	G	.	.	.	.	.	.	.	.	.	.	.	A	.	.	A	.	.	.	.	.	.	.	.	.	.	.	.	N	N	N	.	.	.	.	.	.	.	.	.	.	.
2055222	T	.	.	.	.	.	.	C	.	.	.	.	C	.	.	C	.	.	.	.	C	.	N	.	.	.	.	.	N	N	N	.	.	.	.	.	.	.	.	.	.	.
2065194	C	.	.	.	.	N	.	.	G	G	.	.	.	.	.	.	.	.	.	.	.	.	.	.	.	.	.	.	N	N	.	.	.	.	.	.	.	.	.	.	.	.
2068592	C	.	.	.	.	.	.	.	.	.	.	.	.	.	.	.	.	.	.	T	.	.	.	.	.	.	.	.	N	.	.	.	.	.	.	.	.	.	.	.	.	.
2068909	G	.	.	.	.	N	.	.	.	.	.	.	.	.	.	T	.	.	.	.	.	.	.	.	.	.	.	.	N	.	.	.	.	.	.	.	.	.	.	.	.	.
2073473	G	.	.	.	.	.	.	.	.	.	.	.	.	.	.	.	.	.	C	.	.	.	.	.	.	.	.	.	.	.	.	.	.	.	.	.	.	.	.	.	.	.
2078232	T	.	.	.	.	.	.	.	.	.	.	.	.	.	C	.	.	.	.	.	.	.	.	.	.	.	.	.	.	.	.	.	.	.	.	.	.	.	.	.	.	.
2083652	A	.	.	.	.	.	.	.	.	.	.	.	.	.	.	.	.	.	.	.	G	.	.	.	.	.	.	.	N	N	N	.	.	.	.	.	.	.	.	.	.	.
2096406	C	.	.	.	A	.	.	.	.	.	.	.	.	.	.	.	.	A	A	.	.	.	N	.	.	.	.	.	N	.	.	A	A	A	.	.	.	.	.	.	.	.
2097873	C	.	.	.	.	.	.	.	.	.	.	.	.	.	.	.	.	.	.	.	.	.	.	.	.	.	.	T	N	.	.	.	.	.	.	.	.	.	.	.	.	.
2100523	C	G	G	G	.	G	G	G	G	G	G	G	G	G	G	G	G	G	G	G	G	G	G	G	.	G	G	G	N	G	N	G	G	G	G	G	G	G	G	G	G	G
2104127	T	C	C	C	C	C	C	C	C	C	C	C	C	C	C	C	C	C	C	C	C	C	C	C	.	C	C	C	N	C	C	C	C	C	C	C	C	C	C	C	C	C
2104840	G	.	.	.	.	.	.	.	.	.	A	.	.	.	.	.	.	.	N	.	.	.	.	.	.	.	.	.	N	.	N	.	.	.	.	.	.	.	.	.	.	.
2109150	C	.	.	.	.	.	.	.	.	.	.	.	.	.	.	.	.	A	.	.	.	.	.	.	.	.	.	.	N	N	.	A	A	A	.	.	.	.	.	.	.	.
2115264	A	.	.	.	.	.	.	.	.	.	.	.	.	.	.	.	.	.	.	.	.	.	.	.	.	G	.	.	N	.	.	.	.	.	.	.	.	.	.	.	.	.
2116451	T	.	.	.	.	.	.	.	.	G	.	.	.	.	.	.	.	.	.	.	.	.	.	.	.	.	.	.	.	.	.	.	.	.	.	.	.	.	.	.	.	.
2116505	G	.	.	.	.	.	.	.	.	.	.	.	.	.	.	.	.	.	.	.	.	.	.	.	.	.	.	.	N	.	.	.	.	.	A	.	.	.	.	.	.	.
2116779	C	.	.	.	.	.	.	.	.	.	.	.	.	.	.	.	.	.	.	.	.	.	.	.	.	.	.	.	.	.	.	.	.	.	.	.	T	.	.	.	.	.
2116827	T	.	.	.	.	.	.	.	.	.	.	.	.	.	.	.	.	.	.	.	.	.	.	.	.	.	.	.	.	.	.	.	.	.	.	.	.	.	.	C	.	.
2116829	G	.	.	.	T	.	.	.	.	.	.	.	.	.	.	.	.	.	.	.	.	.	.	.	.	.	.	.	.	.	.	.	.	.	.	.	.	.	.	.	.	.
2118142	A	.	.	.	.	.	.	.	.	.	.	.	.	.	.	.	.	.	N	N	.	.	G	.	.	.	.	.	N	N	N	.	.	.	.	.	.	.	.	.	.	.
2119392	A	N	.	.	.	.	.	.	.	.	.	.	.	G	.	.	.	.	.	.	.	.	.	.	.	.	.	.	N	.	.	.	.	.	.	.	.	.	.	.	.	.
2119468	T	.	.	.	.	N	.	C	.	.	.	.	C	.	.	C	.	.	.	.	C	.	.	.	.	.	.	.	N	C	.	.	.	.	.	.	.	.	.	.	.	.
2121126	C	N	.	.	.	.	.	.	.	.	.	.	.	.	.	.	.	.	.	.	N	.	N	.	.	.	.	T	N	N	N	.	.	.	.	.	.	.	.	.	.	.
2123904	C	N	.	.	.	.	.	.	.	.	.	.	T	.	.	.	.	.	.	.	.	.	.	.	.	.	.	.	.	N	.	.	.	.	.	.	.	.	.	.	.	.
2126590	C	.	.	.	.	.	.	A	.	.	.	.	.	.	.	.	.	.	.	.	.	.	.	.	.	.	.	.	.	.	.	.	.	.	.	.	.	.	.	.	.	.
2129477	C	.	.	.	.	.	.	.	.	.	.	.	.	.	.	.	.	.	.	T	.	.	.	.	.	.	.	N	N	.	N	.	.	.	.	.	.	.	.	.	.	.
2131753	G	N	.	T	T	.	.	.	.	.	.	.	.	.	.	.	.	T	N	.	.	.	N	.	.	.	.	T	N	N	N	T	T	T	.	.	.	.	.	.	.	.
2132052	G	.	.	A	A	.	.	.	.	.	.	.	.	.	.	.	.	A	A	.	.	.	.	.	.	.	.	.	N	.	N	A	A	A	.	.	.	.	.	.	.	.
2136331	C	N	.	.	.	.	.	.	.	.	.	.	.	.	.	.	.	.	.	.	.	.	.	.	.	.	.	T	N	N	.	.	.	.	.	.	.	.	.	.	.	.
2137189	G	.	.	.	.	.	.	.	.	.	.	.	.	.	.	.	.	.	.	.	A	.	.	.	.	.	.	.	.	.	.	.	.	.	.	.	.	.	.	.	.	.
2139675	G	.	.	.	.	.	.	.	A	.	.	.	.	.	.	.	.	.	.	.	.	.	.	.	.	.	.	.	N	.	.	.	.	.	.	.	.	.	.	.	.	.
2146772	C	.	.	.	.	.	.	.	.	.	.	.	.	.	.	T	.	.	.	.	.	.	.	.	.	.	.	.	N	N	N	.	.	.	.	.	.	.	.	.	.	.
2146897	G	.	.	.	.	.	.	.	A	.	.	.	.	.	.	.	.	.	.	.	.	.	.	.	.	.	.	.	.	.	N	.	.	.	.	.	.	.	.	.	.	.
2153275	T	.	.	.	.	N	.	.	.	C	.	.	.	.	.	.	.	.	.	N	.	.	.	.	.	.	.	.	N	N	.	.	.	.	.	.	.	.	.	.	.	.
2154646	C	.	.	.	.	.	.	.	.	.	.	.	T	.	.	T	.	.	.	N	.	.	.	.	.	.	.	.	N	N	N	.	.	.	.	.	.	.	.	.	.	.
2155013	T	G	G	G	G	G	G	G	G	G	G	G	G	G	G	G	G	G	G	G	G	G	G	G	.	G	G	G	N	G	N	G	G	G	G	G	G	G	G	G	G	G
2165098	C	.	.	.	.	.	.	.	.	.	T	.	.	.	.	.	.	.	.	.	.	.	.	.	.	.	.	.	N	.	.	.	.	.	.	.	.	.	.	.	.	.
2165927	C	.	.	.	.	.	.	.	.	.	N	.	.	.	.	.	G	.	.	.	.	.	.	.	.	.	.	.	N	.	.	.	.	.	.	.	.	.	.	.	.	.
2166647	C	.	G	.	.	.	.	.	.	.	.	.	.	.	.	.	G	.	.	.	.	.	.	.	.	.	.	.	.	.	.	.	.	.	.	.	.	.	.	.	.	.
2174865	G	C	C	C	C	C	C	C	C	C	C	C	C	C	C	C	C	C	C	.	C	C	C	C	.	.	C	C	N	C	C	C	C	C	C	C	C	C	C	C	C	C
2175587	C	.	.	.	.	.	.	G	.	.	.	.	G	.	.	G	.	.	.	.	G	.	.	.	.	.	.	.	.	G	.	.	.	.	.	.	.	.	.	.	.	.
2179164	G	.	.	.	.	.	.	A	.	.	.	.	.	.	.	.	.	.	.	.	.	.	.	.	.	.	.	.	N	A	.	.	.	.	.	.	.	.	.	.	.	.
2181587	G	.	A	.	.	.	.	.	.	.	.	.	.	.	.	.	A	N	.	.	.	.	.	.	.	.	.	.	N	N	N	.	.	.	.	.	.	.	.	.	.	.
2181893	G	.	A	.	.	.	.	.	.	.	.	.	.	.	.	.	A	.	.	.	.	.	.	.	.	.	.	.	N	.	.	.	.	.	.	.	.	.	.	.	.	.
2182647	G	.	.	.	.	.	.	.	.	.	.	.	.	.	.	.	.	.	.	.	.	.	.	.	.	.	.	A	N	N	N	.	.	.	.	.	.	.	.	.	.	.
2184965	T	.	.	.	.	.	.	.	.	.	.	.	.	C	.	.	.	.	.	.	.	.	.	.	.	.	.	.	N	N	N	.	.	.	.	.	.	.	.	.	.	.
2184984	G	.	.	.	.	N	.	.	A	A	.	.	.	.	.	.	.	.	.	.	.	.	.	.	.	.	.	.	N	N	N	.	.	.	.	.	.	.	.	.	.	.
2188686	C	.	.	.	.	.	.	.	.	.	.	.	.	.	.	.	.	.	.	.	.	.	.	.	.	.	.	T	N	.	N	.	.	.	.	.	.	.	.	.	.	.
2200732	C	.	.	.	.	.	.	.	.	.	.	.	.	T	.	.	.	.	.	.	.	.	T	.	.	.	.	.	.	.	.	.	.	.	T	T	T	.	.	.	.	.
2202139	T	C	.	.	.	.	.	.	N	.	.	C	.	.	C	.	.	.	.	.	.	C	N	C	.	.	.	.	N	.	N	.	.	.	.	.	.	.	.	.	.	.
2204005	T	.	N	.	.	N	.	.	.	.	C	.	.	.	.	.	.	.	.	.	.	.	.	.	.	.	.	.	N	.	.	.	.	.	.	.	.	.	.	.	.	.
2206360	T	.	.	.	.	.	.	.	.	.	.	.	.	.	.	.	.	.	.	.	.	.	G	.	.	.	.	.	.	.	N	.	.	.	.	.	.	.	.	.	.	.
2207077	C	.	.	.	.	.	.	.	.	.	.	.	.	.	.	.	.	.	T	.	N	.	.	.	.	.	.	.	N	.	N	.	.	.	.	.	.	.	.	.	.	.
2212267	G	.	.	.	.	.	.	.	.	.	.	.	.	.	.	.	.	T	.	.	.	.	.	.	.	.	.	.	N	N	N	.	.	.	.	.	.	.	.	.	.	.
2214876	G	.	.	.	.	.	.	.	A	.	.	.	.	.	.	.	.	.	.	.	.	.	.	.	.	.	.	.	N	N	N	.	.	.	.	.	.	.	.	.	.	.
2235048	C	.	.	T	T	.	.	T	.	.	.	.	T	.	.	T	.	T	T	.	T	.	.	.	.	.	.	T	N	T	.	T	T	T	.	.	.	.	.	.	.	.
2235810	C	.	.	.	.	.	.	T	.	.	.	.	.	.	.	.	.	.	.	.	.	.	.	.	.	.	.	.	N	T	N	.	.	.	.	.	.	.	.	.	.	.
2238117	C	.	.	.	.	.	.	.	.	.	.	.	.	.	.	.	.	.	.	.	N	.	.	.	.	.	.	T	.	.	.	.	.	.	.	.	.	.	.	.	.	.
2238662	C	.	.	.	A	.	.	.	.	.	.	.	.	.	.	.	.	.	.	.	.	.	.	.	.	.	.	.	.	N	.	.	.	.	.	.	.	.	.	.	.	.
2239468	C	.	.	G	G	.	.	.	.	.	.	.	.	.	.	.	.	G	G	.	.	.	.	.	.	.	N	.	N	.	.	G	G	G	.	.	.	.	.	.	.	.
2269826	A	.	.	.	.	.	.	C	.	.	.	.	C	.	.	C	.	.	.	.	.	.	.	.	.	.	.	.	.	N	N	.	.	.	.	.	.	.	.	.	.	.
2270608	C	.	.	.	.	N	.	.	.	.	N	.	.	.	.	.	.	.	.	.	.	.	.	.	.	.	G	.	N	N	N	.	.	.	.	.	.	.	.	.	.	.
2271752	A	.	.	.	.	.	.	.	.	.	.	.	.	.	.	.	.	.	.	.	.	.	.	.	.	.	.	.	N	N	.	.	.	.	.	.	.	C	C	C	C	C
2272252	T	.	.	.	.	.	.	.	.	.	.	.	.	.	.	.	.	.	.	.	.	.	.	N	.	.	G	.	N	N	N	.	.	.	.	.	.	.	.	.	.	.
2272449	C	N	.	.	.	.	.	.	.	.	.	.	.	.	.	.	.	.	.	.	.	.	.	.	.	.	.	T	.	.	.	.	.	.	.	.	.	.	.	.	.	.
2274434	C	.	.	.	.	.	.	.	.	.	.	.	.	.	.	.	.	.	.	.	T	.	.	.	.	.	.	.	N	.	.	.	.	.	.	.	.	.	.	.	.	.
2275455	G	N	.	.	.	.	.	.	.	.	.	.	.	.	.	.	.	.	.	.	.	.	.	.	.	.	.	C	N	.	N	.	.	.	.	.	.	.	.	.	.	.
2275512	C	.	.	.	.	.	.	.	.	.	.	.	.	.	.	.	.	.	.	.	.	.	.	.	.	.	.	T	N	.	N	.	.	.	.	.	.	.	.	.	.	.
2275549	A	N	.	N	.	.	.	.	.	.	N	.	.	.	.	.	.	.	.	N	.	.	.	N	.	.	G	.	N	N	G	.	.	.	.	.	.	.	.	.	.	.
2275558	C	.	.	.	.	.	.	.	.	.	N	.	.	.	.	.	.	.	.	N	.	.	.	N	.	.	G	.	N	N	N	.	.	.	.	.	.	.	.	.	.	.
2276802	G	.	.	.	.	.	.	.	.	.	.	.	C	.	.	.	.	.	.	.	.	.	.	.	.	.	.	.	N	.	.	.	.	.	.	.	.	.	.	.	.	.
2280185	G	.	.	.	.	.	.	.	.	.	.	.	A	.	.	.	.	.	.	.	.	.	.	.	.	.	.	.	.	.	.	.	.	.	.	.	.	.	.	.	.	.
2292331	G	.	.	.	.	.	.	.	.	.	.	.	.	.	.	.	.	.	.	.	.	.	.	.	.	.	.	.	N	.	.	.	.	.	.	.	.	A	A	A	A	A
2297562	T	.	.	.	.	.	.	A	.	.	.	.	.	.	.	.	.	.	.	.	.	.	.	.	.	.	.	.	N	A	.	.	.	.	.	.	.	.	.	.	.	.
2299577	A	.	.	.	.	.	.	.	.	.	.	.	.	.	.	.	.	.	.	G	.	.	.	.	.	.	.	.	N	.	.	.	.	.	.	.	.	.	.	.	.	.
2311044	G	N	.	.	.	N	.	.	.	.	.	.	.	.	.	.	.	.	T	.	.	.	.	.	.	.	.	.	N	N	.	.	.	.	.	.	.	.	.	.	.	.
2312059	C	N	.	G	G	.	.	G	.	.	.	.	G	.	.	G	.	G	G	.	G	.	.	.	.	.	.	G	N	N	.	G	G	G	.	.	.	.	.	.	.	.
2326714	C	.	.	.	.	.	.	.	.	.	.	.	.	.	.	.	.	.	.	.	.	.	.	.	.	T	.	.	N	.	N	.	.	.	.	.	.	.	.	.	.	.
2331908	C	.	.	.	.	.	.	.	.	.	.	.	.	.	.	.	.	.	.	N	.	.	.	.	.	.	T	.	N	.	N	.	.	.	.	.	.	.	.	.	.	.
2338948	C	.	.	.	.	.	.	G	.	.	.	.	.	.	.	.	.	.	.	.	.	.	.	.	.	.	.	.	N	N	N	.	.	.	.	.	.	.	.	.	.	.
2347320	G	N	.	C	C	.	.	.	.	.	.	.	.	.	.	.	.	C	C	.	.	.	.	.	.	.	.	N	.	.	.	C	C	C	.	.	.	.	.	.	.	.
2351523	A	.	.	.	.	.	.	.	.	.	.	.	.	.	.	.	.	.	.	.	.	.	.	.	.	.	.	G	.	.	.	.	.	.	.	.	.	.	.	.	.	.
2363369	T	.	.	.	.	.	.	.	.	.	.	.	.	.	.	.	.	.	.	.	C	.	.	.	.	.	.	.	.	.	.	.	.	.	.	.	.	.	.	.	.	.
2368085	G	.	.	.	.	.	.	.	.	.	.	.	.	.	.	.	.	.	.	.	.	.	.	.	.	.	.	A	N	N	.	.	.	.	.	.	.	.	.	.	.	.
2369366	C	.	.	.	.	.	.	A	.	.	.	.	.	.	.	.	.	.	.	.	.	.	N	.	.	.	.	.	.	N	.	.	.	.	.	.	.	.	.	.	.	.
2370349	G	.	.	.	.	.	.	.	.	.	.	.	.	.	.	.	.	.	.	.	.	.	.	.	.	A	.	N	N	N	N	.	.	.	.	.	.	.	.	.	.	.
2376085	G	.	.	.	.	.	.	.	.	.	.	.	.	.	.	.	.	.	.	.	A	.	.	.	.	.	.	.	N	N	.	.	.	.	.	.	.	.	.	.	.	.
2378341	G	N	.	.	.	N	A	.	.	.	A	.	.	.	.	.	.	.	.	.	.	.	.	.	.	.	A	.	N	.	.	.	.	.	.	.	.	A	A	A	A	A
2381779	C	.	.	.	.	.	.	.	.	.	.	.	.	.	.	.	.	.	.	.	.	.	.	.	.	.	.	T	N	.	.	.	.	.	.	.	.	.	.	.	.	.
2382085	G	.	.	.	.	.	.	.	.	.	.	.	.	.	.	.	.	T	.	.	N	.	.	.	.	.	.	.	.	.	.	.	.	.	.	.	.	.	.	.	.	.
2385941	C	.	.	A	.	.	.	.	.	.	.	.	.	.	.	.	.	.	.	.	.	.	.	.	.	.	.	.	N	N	.	.	.	.	.	.	.	.	.	.	.	.
2388071	G	N	.	.	.	.	.	C	.	.	.	.	C	.	.	C	.	.	.	.	C	.	.	.	.	.	.	.	N	C	N	.	.	.	.	.	.	.	.	.	.	.
2395657	C	.	G	.	.	.	.	.	.	.	.	.	.	.	.	.	.	.	.	.	.	.	.	.	.	.	.	.	N	N	.	.	.	.	.	.	.	.	.	.	.	.
2396326	C	.	.	.	.	N	.	.	T	T	.	.	.	.	.	.	.	.	.	.	.	.	.	.	.	.	.	.	N	.	.	.	.	.	.	.	.	.	.	.	.	.
2400652	C	.	.	.	.	.	.	.	.	.	.	.	.	.	.	.	.	.	.	.	.	.	.	.	.	.	.	T	.	.	.	.	.	.	.	.	.	.	.	.	.	.
2407473	C	.	.	.	.	.	.	.	.	.	.	.	.	.	.	.	.	.	.	.	.	.	.	.	.	.	.	.	N	.	.	.	.	.	.	.	.	T	T	T	T	T
2408447	C	.	G	.	.	.	.	.	.	.	N	.	.	.	.	.	.	.	.	.	.	.	.	.	.	.	.	.	N	.	N	.	.	.	.	.	.	.	.	.	.	.
2411498	T	.	.	.	.	.	.	.	.	.	.	G	.	.	.	.	.	.	.	.	.	.	.	.	.	.	.	.	.	.	N	.	.	.	.	.	.	.	.	.	.	.
2414869	C	N	.	.	T	.	.	.	.	.	.	.	.	.	.	.	.	T	T	.	.	.	N	.	.	.	.	.	.	.	.	T	T	T	.	.	.	.	.	.	.	.
2414988	G	.	C	.	.	.	.	.	.	.	.	.	.	.	.	.	.	.	.	N	.	.	.	.	.	.	.	N	N	.	N	.	.	.	.	.	.	.	.	.	.	.
2414989	T	.	C	.	.	.	.	.	.	.	.	.	.	.	.	.	.	.	N	N	.	.	.	.	.	.	.	N	N	.	N	.	.	.	.	.	.	.	.	.	.	.
2423927	G	N	.	A	A	.	.	.	.	.	.	.	.	.	.	.	.	A	A	.	.	.	.	.	.	.	.	.	N	.	N	A	A	A	.	.	.	.	.	.	.	.
2427364	C	.	.	.	.	.	.	.	.	.	.	.	.	.	.	T	.	.	.	.	.	.	.	.	.	.	.	.	N	.	.	.	.	.	.	.	.	.	.	.	.	.
2429821	G	.	.	.	.	.	.	.	.	.	.	.	.	.	.	.	.	.	.	.	A	.	.	.	.	.	.	.	.	.	.	.	.	.	.	.	.	.	.	.	.	.
2433329	G	.	.	.	.	N	.	.	A	A	.	.	.	.	.	.	.	.	.	.	.	.	.	.	.	.	.	.	.	.	.	.	.	.	.	.	.	.	.	.	.	.
2438226	G	.	.	.	.	.	.	.	.	.	.	.	.	.	.	.	.	.	.	.	.	.	.	.	.	.	.	A	.	.	.	.	.	.	.	.	.	.	.	.	.	.
2438827	A	.	.	.	.	.	.	.	.	T	.	.	.	.	.	.	.	.	.	.	.	.	.	.	.	.	.	.	.	.	.	.	.	.	.	.	.	.	.	.	.	.
2439595	G	.	.	.	.	.	.	.	.	.	.	.	.	.	.	.	.	.	.	.	N	.	.	.	.	.	.	.	N	N	.	A	A	A	.	.	.	.	.	.	.	.
2447980	A	.	.	.	.	.	.	.	.	.	.	.	.	.	.	.	.	.	.	.	C	.	.	.	.	.	.	.	.	.	.	.	.	.	.	.	.	.	.	.	.	.
2451917	C	.	.	.	.	.	.	.	.	.	.	.	.	.	.	.	.	N	N	N	.	.	.	.	.	A	N	N	N	N	N	.	.	.	.	.	.	.	.	.	.	.
2457082	G	.	.	.	.	.	.	.	.	.	.	.	.	.	.	.	.	.	.	.	.	.	.	.	.	.	.	A	.	.	.	.	.	.	.	.	.	.	.	.	.	.
2457978	C	.	.	.	.	.	.	.	N	.	.	.	.	.	.	.	.	.	.	T	.	.	.	.	.	.	.	.	.	.	N	.	.	.	.	.	.	.	.	.	.	.
2459760	G	.	.	.	.	.	.	.	.	.	.	.	.	.	.	.	.	.	.	.	.	.	.	.	.	.	.	.	.	.	N	.	.	.	.	.	.	A	A	A	A	A
2459766	A	G	.	G	G	G	G	G	G	G	G	G	G	G	G	G	.	G	G	.	G	G	G	G	.	.	G	G	G	G	N	G	G	G	G	G	G	G	G	G	G	G
2465990	G	.	.	.	.	.	.	.	.	.	.	.	A	.	.	.	.	.	.	.	.	.	.	.	.	.	.	.	N	.	.	.	.	.	.	.	.	.	.	.	.	.
2468622	C	N	T	.	.	.	.	.	.	.	.	.	.	.	.	.	T	N	.	N	.	.	.	.	.	.	.	.	N	.	.	.	.	.	.	.	.	.	.	.	.	.
2478932	G	.	.	.	.	.	.	.	.	.	.	.	.	.	.	.	.	.	.	A	.	.	.	.	.	.	.	.	.	.	.	.	.	.	.	.	.	.	.	.	.	.
2484242	C	.	.	.	.	.	.	.	.	.	.	.	.	.	.	.	.	.	.	.	.	.	.	.	.	.	.	.	.	.	.	.	.	.	.	.	.	T	T	T	T	T
2485821	G	.	.	.	.	.	.	.	.	.	.	.	.	.	.	.	.	.	.	.	.	.	.	.	.	.	.	T	.	N	.	.	.	.	.	.	.	.	.	.	.	.
2485841	G	.	.	.	.	.	.	.	.	.	.	.	.	.	.	.	.	.	.	.	.	.	.	.	.	.	.	A	.	.	.	.	.	.	.	.	.	.	.	.	.	.
2490943	G	N	.	.	.	.	.	.	.	.	.	.	.	.	.	.	.	.	N	N	.	.	.	.	.	.	.	.	N	N	N	.	.	.	.	.	.	A	A	A	A	A
2494215	T	.	.	.	.	.	.	C	.	.	.	.	C	.	.	C	.	.	.	.	C	.	.	.	.	.	.	.	N	C	N	.	.	.	.	.	.	.	.	.	.	.
2495453	G	.	.	.	.	.	.	.	.	.	.	.	.	.	.	.	.	.	.	.	.	.	.	.	.	.	.	.	N	.	.	.	.	.	.	.	.	T	T	T	T	T
2498281	C	T	.	.	.	.	.	.	.	.	.	T	.	.	T	.	.	.	.	.	N	T	.	T	.	.	.	.	T	N	N	.	.	.	.	.	.	.	.	.	.	.
2498455	C	.	.	.	.	.	.	.	.	.	.	.	.	.	.	.	.	.	.	.	T	.	.	.	.	.	.	.	N	N	.	.	.	.	.	.	.	.	.	.	.	.
2500011	G	.	.	.	.	.	.	A	.	.	.	.	.	.	.	.	.	.	.	.	.	.	N	.	.	.	.	.	N	.	.	.	.	.	.	.	.	.	.	.	.	.
2501116	C	.	.	.	.	.	.	.	.	.	.	.	.	.	.	.	.	.	T	.	.	.	.	.	.	.	.	.	.	.	N	.	.	.	.	.	.	.	.	.	.	.
2503289	A	.	.	.	.	N	.	.	.	G	.	.	.	.	.	.	.	.	.	.	.	.	.	.	.	.	.	.	N	N	N	.	.	.	.	.	.	.	.	.	.	.
2510735	G	.	.	.	.	.	.	.	.	.	.	.	.	.	.	.	.	.	.	.	.	.	.	.	.	.	.	A	N	.	.	.	.	.	.	.	.	.	.	.	.	.
2512159	G	.	.	.	.	.	.	.	.	.	.	.	.	.	.	.	.	.	.	.	.	.	.	.	.	.	.	A	N	.	.	.	.	.	.	.	.	.	.	.	.	.
2514965	A	N	.	.	.	N	.	.	.	G	.	.	.	.	.	.	.	.	.	.	.	.	.	N	.	.	.	.	N	N	.	.	.	.	.	.	.	.	.	.	.	.
2518840	G	N	.	.	.	.	.	.	.	.	.	.	C	.	.	.	.	.	.	.	.	.	.	.	.	.	.	.	N	.	.	.	.	.	.	.	.	.	.	.	.	.
2525948	C	N	.	.	.	.	.	.	.	.	.	.	.	.	.	.	.	.	N	.	.	.	.	.	.	.	N	T	N	N	N	.	.	.	.	.	.	.	.	.	.	.
2531394	C	.	.	.	T	.	.	.	.	.	.	.	.	.	.	.	.	.	.	.	.	.	.	.	.	.	.	.	.	.	.	.	.	.	.	.	.	.	.	.	.	.
2542188	A	C	.	.	.	.	.	.	.	.	.	C	.	.	C	.	.	.	.	.	.	C	.	C	.	.	.	.	N	.	N	.	.	.	.	.	.	.	.	.	.	.
2542313	G	.	.	.	.	A	A	.	A	A	A	.	.	A	.	.	.	N	N	.	.	.	A	N	.	.	N	.	N	N	N	.	.	.	A	A	A	A	A	A	A	A
2548873	C	.	.	.	.	.	.	.	.	.	.	.	.	.	.	.	.	.	.	.	N	.	.	.	.	.	A	.	.	.	.	.	.	.	.	.	.	.	.	.	.	.
2550032	G	.	.	.	.	.	.	.	.	.	.	.	.	.	.	.	.	.	.	N	.	.	A	.	.	.	.	.	.	N	.	.	.	.	.	.	.	.	.	.	.	.
2553176	T	G	G	G	G	G	G	G	G	G	G	G	G	G	G	G	G	G	G	G	G	G	G	G	.	.	G	G	G	G	G	G	G	G	G	G	G	G	G	G	G	G
2556538	G	.	.	.	.	N	.	.	A	A	.	.	.	.	.	.	.	.	.	.	.	.	.	N	.	.	.	.	N	N	N	.	.	.	.	.	.	.	.	.	.	.
2558686	G	.	.	.	.	.	.	.	.	.	.	.	.	.	.	.	.	.	.	.	.	.	.	.	.	.	.	A	N	.	N	.	.	.	.	.	.	.	.	.	.	.
2561800	C	.	.	.	.	.	.	.	.	.	.	.	A	.	.	A	.	.	.	.	.	.	.	.	.	.	.	.	.	N	.	.	.	.	.	.	.	.	.	.	.	.
2564872	T	.	.	.	.	.	.	C	.	.	.	.	.	.	.	.	.	.	.	.	.	.	.	.	.	.	.	.	N	N	N	.	.	.	.	.	.	.	.	.	.	.
2567264	G	.	.	N	.	.	.	.	.	.	.	.	T	.	.	.	.	.	N	.	.	.	.	.	.	.	.	.	N	N	N	.	.	.	N	N	N	.	.	.	.	.
2570925	C	.	.	.	.	.	.	.	.	.	.	.	.	.	.	.	.	.	.	N	.	.	.	.	.	.	.	T	N	.	N	.	.	.	.	.	.	.	.	.	.	.
2571870	G	N	.	.	.	.	.	.	.	.	.	.	A	.	.	.	.	N	.	.	.	.	.	.	.	.	N	.	N	N	N	.	.	.	.	.	.	.	.	.	.	.
2572072	G	.	.	.	.	.	.	.	N	.	.	.	.	.	.	.	.	.	.	.	.	.	.	.	.	.	.	A	N	.	.	.	.	.	.	.	.	.	.	.	.	.
2574108	T	.	.	.	.	.	.	.	.	.	.	.	C	.	.	.	.	N	.	.	.	.	.	.	.	.	.	.	N	N	.	.	.	.	.	.	.	.	.	.	.	.
2574596	G	.	.	.	.	.	.	.	.	.	.	.	A	.	.	A	.	.	.	.	.	.	.	.	.	.	.	.	N	.	N	.	.	.	.	.	.	.	.	.	.	.
2575511	T	.	.	.	.	.	.	.	.	.	.	.	.	.	.	C	.	.	.	.	.	.	.	.	.	.	.	.	.	.	.	.	.	.	.	.	.	.	.	.	.	.
2581883	G	.	.	.	.	.	.	.	.	.	A	.	.	.	.	.	.	.	.	N	.	.	.	.	.	.	.	.	N	N	.	.	.	.	.	.	.	.	.	.	.	.
2582189	T	.	.	.	.	.	.	.	.	.	.	.	.	.	.	.	.	.	.	.	.	.	.	.	.	.	.	A	N	N	.	.	.	.	.	.	.	.	.	.	.	.
2582353	A	.	.	.	.	.	.	.	G	.	.	.	.	.	.	.	.	.	.	.	.	.	.	.	.	.	.	.	.	.	.	.	.	.	.	.	.	.	.	.	.	.
2594595	A	N	.	.	.	.	.	.	.	.	N	.	.	.	.	.	.	.	.	.	.	.	N	N	.	.	G	.	N	.	N	.	.	.	.	.	.	.	.	.	.	.
2594633	A	.	.	N	.	.	.	.	.	.	.	.	.	.	.	.	.	N	.	N	.	.	.	N	.	.	G	.	N	N	N	.	.	.	.	.	.	.	.	.	.	.
2621590	G	N	.	.	.	.	.	.	.	.	.	.	.	.	.	.	.	.	.	.	.	.	.	.	.	.	.	A	.	.	.	.	.	.	.	.	.	.	.	.	.	.
2625283	C	.	.	.	.	.	.	.	.	.	.	.	.	.	.	T	.	.	.	.	.	.	.	.	.	.	.	.	.	.	.	.	.	.	.	.	.	.	.	.	.	.
2640295	C	N	.	.	.	.	.	.	.	.	.	.	.	.	.	.	T	.	.	.	N	.	.	.	.	.	.	.	N	N	N	.	.	.	.	.	.	.	.	.	.	.
2641194	G	.	.	.	.	.	.	.	.	.	.	.	.	.	.	N	C	.	.	.	.	.	.	.	.	.	.	.	N	N	N	.	.	.	.	.	.	.	.	.	.	.
2649043	C	.	.	.	.	.	.	.	.	.	.	.	.	.	.	.	.	.	N	.	.	.	.	.	.	.	.	T	.	.	.	.	.	.	.	.	.	.	.	.	.	.
2649677	G	.	.	.	.	.	.	.	.	.	.	.	.	.	.	.	.	.	.	N	A	.	.	.	.	.	.	.	N	N	.	.	.	.	.	.	.	.	.	.	.	.
2650240	A	.	.	.	.	.	.	G	.	.	.	.	G	.	.	G	.	.	.	.	G	.	.	.	.	.	.	.	.	G	.	.	.	.	.	.	.	.	.	.	.	.
2654119	C	N	.	.	.	.	.	.	.	.	.	T	.	.	T	.	.	.	.	N	.	T	.	T	.	.	.	.	T	N	T	.	.	.	.	.	.	.	.	.	.	.
2658494	C	.	.	.	.	.	.	.	.	.	.	.	.	.	.	G	.	.	.	.	.	.	.	.	.	.	.	.	.	.	.	.	.	.	.	.	.	.	.	.	.	.
2659841	G	.	.	.	.	.	.	.	.	.	A	.	.	.	.	.	.	.	.	.	.	.	.	.	.	.	.	.	.	.	N	.	.	.	.	.	.	.	.	.	.	.
2662629	C	.	.	.	.	.	.	T	.	.	.	.	T	.	.	T	.	.	.	.	.	.	.	.	.	.	.	.	N	T	.	.	.	.	.	.	.	.	.	.	.	.
2664632	G	.	.	.	.	.	.	.	.	.	.	.	.	.	.	.	.	.	.	.	.	.	.	.	.	.	.	A	.	.	.	.	.	.	.	.	.	.	.	.	.	.
2664695	T	.	.	.	.	.	.	.	.	.	.	.	.	.	.	G	.	.	.	.	.	.	.	.	.	.	.	.	.	.	.	.	.	.	.	.	.	.	.	.	.	.
2664776	G	.	.	.	.	.	.	.	.	.	.	.	.	.	.	.	.	.	.	.	.	.	.	.	.	.	.	A	.	.	.	.	.	.	.	.	.	.	.	.	.	.
2669540	A	.	.	.	.	.	.	.	.	.	.	.	.	.	.	G	.	.	.	.	.	.	.	.	.	.	.	.	.	.	.	.	.	.	.	.	.	.	.	.	.	.
2672257	A	.	.	.	.	.	.	.	.	.	.	.	.	.	.	T	.	.	.	.	.	.	.	.	.	.	.	.	.	.	.	.	.	.	.	.	.	.	.	.	.	.
2678287	G	.	.	.	.	.	.	.	.	.	.	.	.	.	.	.	.	.	.	.	A	.	.	.	.	.	.	.	N	.	N	.	.	.	.	.	.	.	.	.	.	.
2687402	C	.	.	.	.	.	.	.	.	.	.	.	.	.	.	.	.	.	.	.	.	.	.	.	.	.	.	T	.	.	N	.	.	.	.	.	.	.	.	.	.	.
2688830	C	.	.	.	.	.	.	.	.	.	.	.	.	.	.	T	.	.	.	.	.	.	.	.	.	.	.	.	.	.	.	.	.	.	.	.	.	.	.	.	.	.
2689587	G	.	.	.	.	.	.	.	.	.	.	.	.	.	.	.	.	.	.	.	.	.	.	.	.	.	.	A	.	N	N	.	.	.	.	.	.	.	.	.	.	.
2701788	C	.	.	.	T	.	.	.	.	.	.	.	.	.	.	.	.	.	.	.	.	.	.	.	.	.	.	.	.	.	.	.	.	.	.	.	.	.	.	.	.	.
2706236	T	N	G	G	G	G	G	G	G	G	G	G	G	G	G	G	G	G	G	G	G	G	G	G	.	.	G	N	G	N	G	G	G	G	G	G	G	G	G	G	G	G
2709172	C	.	.	.	.	.	.	.	.	.	.	.	.	.	.	.	.	.	.	.	.	.	.	.	.	.	.	T	N	.	.	.	.	.	.	.	.	.	.	.	.	.
2709401	T	.	.	.	.	.	.	.	.	.	.	.	.	.	.	.	.	.	.	.	.	.	.	.	.	.	.	.	N	.	.	.	.	.	.	.	.	C	C	C	C	C
2710194	A	.	.	.	.	.	.	G	.	.	.	.	G	.	.	G	.	.	.	.	G	.	.	.	.	.	.	.	.	G	N	.	.	.	.	.	.	.	.	.	.	.
2710423	G	.	.	.	.	.	.	.	.	.	.	.	.	.	.	.	.	.	.	.	.	.	.	.	.	.	.	A	.	.	.	.	.	.	.	.	.	.	.	.	.	.
2714879	T	.	.	.	.	.	.	.	.	.	.	.	.	A	.	.	.	.	.	.	.	.	.	.	.	.	.	.	.	.	.	.	.	.	A	A	A	.	.	.	.	.
2717888	C	.	A	.	.	.	.	.	.	.	.	.	.	.	.	.	.	.	.	.	.	.	.	.	.	.	.	.	.	.	.	.	.	.	.	.	.	.	.	.	.	.
2720817	G	.	.	.	.	.	.	A	.	.	.	.	.	.	.	.	.	.	N	.	.	.	.	.	.	.	.	.	N	.	N	.	.	.	.	.	.	.	.	.	.	.
2730961	G	N	.	.	.	.	.	.	.	.	.	.	.	.	.	.	.	N	N	N	.	.	N	N	.	.	N	.	N	N	N	A	A	A	.	.	.	.	.	.	.	.
2731405	G	.	.	.	.	.	.	A	.	.	.	.	.	.	.	.	.	.	.	.	.	.	.	.	.	.	.	.	.	N	.	.	.	.	.	.	.	.	.	.	.	.
2732942	G	.	.	.	.	.	.	.	.	.	.	.	A	.	.	.	.	.	.	.	.	.	.	.	.	.	.	.	N	N	.	.	.	.	.	.	.	.	.	.	.	.
2736012	C	.	T	.	.	.	.	.	.	.	.	.	.	.	.	.	.	.	.	.	.	.	N	.	.	.	.	.	N	N	.	.	.	.	.	.	.	.	.	.	.	.
2738087	C	.	.	.	.	.	.	.	.	.	.	.	.	.	.	.	.	.	.	.	.	.	.	.	.	.	.	T	.	.	.	.	.	.	.	.	.	.	.	.	.	.
2738813	C	.	.	.	.	.	.	.	.	.	.	.	.	.	.	.	.	.	.	.	.	.	.	.	.	.	.	T	.	.	.	.	.	.	.	.	.	.	.	.	.	.
2740755	A	.	G	.	.	.	.	.	.	.	.	.	.	.	.	.	.	.	.	.	.	.	.	.	.	.	.	.	N	.	.	.	.	.	.	.	.	.	.	.	.	.
2751783	A	.	.	G	G	G	G	G	G	G	G	.	G	G	.	G	.	G	G	.	G	.	G	.	.	.	G	G	N	N	N	G	G	G	G	G	G	G	G	G	G	G
2775050	G	.	.	.	.	.	.	A	.	.	.	.	A	.	.	A	.	.	.	.	A	.	.	.	.	.	.	.	N	A	.	.	.	.	.	.	.	.	.	.	.	.
2784324	A	.	.	.	.	.	.	.	.	.	.	.	.	G	.	.	.	.	.	.	.	.	G	.	.	.	.	.	N	.	.	.	.	.	G	G	G	.	.	.	.	.
2792939	C	.	.	.	.	.	.	.	.	.	.	.	.	.	.	.	.	.	.	.	.	.	.	.	.	.	.	T	N	N	.	.	.	.	.	.	.	.	.	.	.	.
2801445	G	.	.	.	.	.	.	.	.	.	.	.	.	.	.	.	.	.	.	.	A	.	.	.	.	.	.	.	N	N	.	.	.	.	.	.	.	.	.	.	.	.
2802569	C	.	.	.	.	.	.	.	.	.	.	T	.	.	.	.	.	.	.	.	.	.	.	.	.	.	.	.	.	.	.	.	.	.	.	.	.	.	.	.	.	.
2803787	G	.	.	.	.	.	.	.	N	.	.	.	.	.	.	.	.	.	.	.	.	.	.	.	.	.	.	A	N	.	.	.	.	.	.	.	.	.	.	.	.	.
2807979	C	.	.	.	.	.	.	.	.	.	.	.	.	.	.	.	T	.	N	.	.	.	.	.	.	.	.	.	N	N	N	.	.	.	.	.	.	.	.	.	.	.
2809105	G	.	.	.	.	.	.	.	.	.	.	.	.	.	.	.	.	.	.	.	.	.	.	.	.	.	.	A	N	.	.	.	.	.	.	.	.	.	.	.	.	.
2814758	G	.	.	.	.	N	.	.	A	A	.	.	.	.	.	.	N	.	.	.	.	A	.	A	.	.	.	A	.	.	N	.	.	.	.	.	.	.	.	.	.	.
2815232	G	.	.	.	.	.	.	.	.	.	A	.	.	.	.	.	.	.	.	.	.	.	.	.	.	.	.	.	N	.	.	.	.	.	.	.	.	.	.	.	.	.
2815502	C	.	.	G	G	.	.	.	.	.	.	.	.	.	.	.	.	G	G	.	.	.	.	.	.	.	.	.	N	.	.	G	G	G	.	.	.	.	.	.	.	.
2818521	T	C	C	C	C	N	C	C	C	C	C	C	C	C	C	C	C	C	C	C	C	C	C	C	.	.	C	C	C	C	C	C	C	C	C	C	C	C	C	C	C	C
2820167	A	.	.	.	.	.	.	G	.	.	.	.	.	.	.	G	.	.	.	.	.	.	.	.	.	.	.	.	.	N	.	.	.	.	.	.	.	.	.	.	.	.
2822967	A	.	.	.	.	.	.	G	.	.	.	.	G	.	.	G	.	.	.	.	G	.	.	.	.	.	.	.	.	G	.	.	.	.	.	.	.	.	.	.	.	.
2825422	C	.	.	.	.	.	.	.	.	.	.	.	.	.	.	.	.	.	.	.	T	.	.	.	.	.	.	.	N	.	.	.	.	.	.	.	.	.	.	.	.	.
2831723	T	.	.	.	C	.	.	.	.	.	.	.	.	.	.	.	.	.	.	.	.	.	.	.	.	.	.	.	.	.	.	.	.	.	.	.	.	.	.	.	.	.
2832041	T	.	.	.	.	.	.	.	.	.	.	.	C	.	.	.	.	.	.	.	.	.	.	.	.	.	.	.	.	.	N	.	.	.	.	.	.	.	.	.	.	.
2838887	C	.	.	.	.	.	.	.	.	.	.	.	.	.	.	N	.	.	.	.	.	.	N	.	.	.	.	T	N	N	.	.	.	.	.	.	.	.	.	.	.	.
2839065	C	.	.	.	.	.	.	.	.	.	.	.	.	.	.	.	.	.	.	.	.	.	.	.	.	.	.	T	N	N	.	.	.	.	.	.	.	.	.	.	.	.
2841192	C	.	.	.	.	.	.	.	.	.	.	.	.	.	.	.	.	.	.	.	.	.	.	.	.	.	.	T	N	.	N	.	.	.	.	.	.	.	.	.	.	.
2851461	C	N	.	.	.	.	.	.	.	.	.	.	.	.	.	.	.	.	.	.	.	.	.	.	.	T	.	.	N	N	N	.	.	.	.	.	.	.	.	.	.	.
2851579	G	.	.	.	.	.	.	.	.	.	.	.	.	.	.	.	.	.	.	.	.	.	.	.	.	.	.	A	N	.	.	.	.	.	.	.	.	.	.	.	.	.
2856387	G	.	.	.	.	.	A	.	.	.	.	.	.	.	.	.	.	.	.	N	.	.	.	.	.	.	.	.	.	.	.	.	.	.	.	.	.	.	.	.	.	.
2867851	C	.	.	.	.	.	.	.	.	.	.	.	T	.	.	T	.	.	.	.	.	.	.	.	.	.	.	.	N	.	.	.	.	.	.	.	.	.	.	.	.	.
2869871	A	.	.	.	.	.	.	.	.	.	N	.	.	.	.	.	.	.	G	.	.	.	N	.	.	.	.	.	N	.	.	.	.	.	.	.	.	.	.	.	.	.
2873412	T	.	.	.	.	.	.	C	.	.	.	.	.	.	.	.	.	.	.	.	.	.	.	.	.	.	.	.	N	N	.	.	.	.	.	.	.	.	.	.	.	.
2878040	C	.	A	.	.	.	.	.	.	.	.	.	.	.	.	.	.	.	.	.	.	.	.	.	.	.	.	.	.	.	N	.	.	.	.	.	.	.	.	.	.	.
2881087	G	N	.	.	.	.	.	A	.	.	.	.	.	.	.	.	.	.	.	.	.	.	.	.	.	.	.	.	N	N	N	.	.	.	.	.	.	.	.	.	.	.
2896740	G	.	.	.	A	.	.	.	.	.	.	.	.	.	.	.	.	N	.	.	.	.	.	.	.	.	.	.	N	.	N	.	.	.	.	.	.	.	.	.	.	.
2899295	C	.	.	.	T	.	.	.	.	.	.	.	.	.	.	.	.	.	.	.	.	.	.	.	.	.	.	.	N	.	.	.	.	.	.	.	.	.	.	.	.	.
2899715	T	.	.	.	.	.	.	.	.	.	.	.	G	.	.	G	.	.	.	.	.	.	.	.	.	.	.	.	.	N	N	.	.	.	.	.	.	.	.	.	.	.
2900276	C	N	.	.	.	.	.	G	.	.	.	.	G	.	.	G	.	.	.	N	.	.	N	.	.	.	.	.	.	G	N	.	.	.	.	.	.	.	.	.	.	.
2901714	G	.	.	.	.	.	.	.	.	.	.	.	.	.	.	.	.	.	.	.	.	.	.	.	.	.	.	A	N	.	.	.	.	.	.	.	.	.	.	.	.	.
2902257	C	.	.	.	.	.	.	G	.	.	.	.	G	.	.	G	.	.	.	.	.	.	.	.	.	.	.	.	N	N	.	.	.	.	.	.	.	.	.	.	.	.
2904369	G	N	.	.	.	.	.	.	.	.	.	.	.	.	.	A	.	.	.	N	.	.	.	.	.	.	N	.	N	N	N	.	.	.	.	.	.	.	.	.	.	.
2905322	G	.	.	.	.	.	.	.	A	.	.	.	.	.	.	.	.	.	.	.	.	.	.	.	.	.	.	.	N	.	.	.	.	.	.	.	.	.	.	.	.	.
2909350	A	.	.	.	.	.	.	.	.	.	.	.	.	.	.	C	.	.	.	.	.	.	.	.	.	.	.	.	.	.	.	.	.	.	.	.	.	.	.	.	.	.
2912402	G	.	.	.	.	.	.	.	.	.	.	.	.	.	.	.	.	.	.	.	.	.	.	.	.	.	.	A	N	N	N	.	.	.	.	.	.	.	.	.	.	.
2932122	G	.	.	.	.	.	.	.	N	.	.	.	.	.	.	.	.	.	A	.	.	.	.	.	.	.	.	.	.	.	N	.	.	.	.	.	.	.	.	.	.	.
2935685	A	.	.	C	C	C	C	C	C	C	C	.	C	C	.	C	.	C	C	.	C	N	C	.	.	.	C	C	N	C	N	C	C	C	C	C	C	C	C	C	C	C
2936401	G	.	.	.	.	.	.	A	.	.	.	.	A	.	.	A	.	.	.	.	A	.	.	.	.	.	.	.	N	N	.	.	.	.	.	.	.	.	.	.	.	.
2945700	C	.	.	.	.	.	.	.	.	.	.	.	.	.	.	.	.	.	.	.	T	.	.	.	.	.	.	.	N	.	N	.	.	.	.	.	.	.	.	.	.	.
2952411	G	.	.	.	.	.	.	.	.	.	.	.	.	.	.	.	.	.	.	.	.	.	.	.	.	.	.	A	N	.	.	.	.	.	.	.	.	.	.	.	.	.
2957971	G	.	.	.	.	.	.	.	.	.	.	.	.	.	.	.	A	.	.	.	.	.	.	.	.	.	.	.	.	.	N	.	.	.	.	.	.	.	.	.	.	.
2961785	G	.	.	.	.	.	.	.	C	.	.	.	.	.	.	.	.	.	.	.	.	.	.	.	.	.	.	N	.	.	.	.	.	.	.	.	.	.	.	.	.	.
2964999	T	C	C	C	C	C	C	C	C	C	C	C	C	C	C	C	C	C	C	C	C	C	C	C	.	C	C	C	N	N	N	C	C	C	C	C	C	C	C	C	C	C
2969168	C	.	.	.	.	.	.	G	.	.	.	.	.	.	.	.	.	.	.	.	.	.	.	.	.	.	.	.	.	G	N	.	.	.	.	.	.	.	.	.	.	.
2977226	C	N	T	.	.	.	.	.	.	.	.	.	.	.	.	.	.	.	.	N	.	.	.	.	.	.	.	.	N	.	N	.	.	.	.	.	.	.	.	.	.	.
2977229	A	.	T	.	.	.	.	.	.	.	.	.	.	.	.	.	.	.	.	.	.	.	.	.	.	.	.	.	N	.	N	.	.	.	.	.	.	.	.	.	.	.
2978023	C	.	.	.	.	.	.	T	.	.	.	.	.	.	.	.	.	.	.	.	.	.	.	.	.	.	.	.	.	T	.	.	.	.	.	.	.	.	.	.	.	.
2978374	C	.	.	.	.	A	A	.	A	A	A	.	.	A	.	.	.	.	.	.	.	.	A	.	.	.	A	.	N	N	.	.	.	.	A	A	A	A	A	A	A	A
2978507	G	N	.	.	.	.	.	.	.	.	.	.	.	.	.	.	.	.	.	.	.	.	.	.	.	.	.	A	N	.	N	.	.	.	.	.	.	.	.	.	.	.
2978799	G	.	.	.	.	.	.	.	.	.	.	.	.	.	.	.	.	.	.	.	.	.	.	.	.	.	.	.	N	N	N	.	.	.	.	.	.	A	A	A	A	A
2983776	G	.	.	.	.	.	.	.	.	.	.	.	.	.	.	.	.	.	.	.	.	.	.	.	.	.	.	T	N	N	.	.	.	.	.	.	.	.	.	.	.	.
2989514	G	.	.	.	.	.	.	.	.	.	.	.	.	.	.	.	.	.	.	.	.	.	.	.	.	.	.	.	N	N	N	.	.	.	.	.	.	A	A	A	A	A
2990150	T	C	C	C	C	C	C	C	C	C	C	C	C	C	C	C	C	C	C	C	C	C	C	C	.	C	C	C	N	N	C	C	C	C	C	C	C	C	C	C	C	C
2992340	T	.	.	.	.	.	.	C	.	.	.	.	C	.	.	C	.	.	.	.	C	.	.	.	.	.	.	.	N	C	.	.	.	.	.	.	.	.	.	.	.	.
2999976	C	N	.	.	.	T	T	.	T	T	T	.	.	T	.	.	.	.	.	.	.	.	T	N	.	.	T	.	N	N	N	.	.	.	T	T	T	T	T	T	T	T
3005681	G	N	.	.	.	.	.	.	.	.	.	.	.	.	.	.	.	.	.	.	.	A	.	N	.	.	.	.	N	.	.	.	.	.	.	.	.	.	.	.	.	.
3007670	T	.	.	.	.	.	.	.	.	.	.	.	.	.	.	.	.	.	.	.	C	.	.	.	.	.	.	.	N	N	.	.	.	.	.	.	.	.	.	.	.	.
3008360	C	N	.	.	.	.	.	.	.	.	.	.	.	.	.	.	.	.	.	.	.	.	.	.	.	.	.	T	N	.	.	.	.	.	.	.	.	.	.	.	.	.
3009823	G	.	.	.	.	.	.	.	.	.	.	.	.	.	.	.	.	.	.	.	.	.	.	.	.	.	.	A	N	N	N	.	.	.	.	.	.	.	.	.	.	.
3011418	G	.	.	.	.	.	.	.	.	.	.	.	.	.	.	.	A	.	.	.	.	.	.	.	.	.	.	.	.	.	.	.	.	.	.	.	.	.	.	.	.	.
3016175	T	C	C	C	C	C	C	C	C	C	C	C	C	C	C	C	C	C	C	N	C	C	C	C	.	.	C	C	N	N	C	C	C	C	C	C	C	C	C	C	C	C
3016895	C	.	A	.	.	.	.	.	.	.	.	.	.	.	.	.	A	.	N	.	.	.	.	.	.	.	N	.	N	N	N	.	.	.	.	.	.	.	.	.	.	.
3021965	C	.	.	.	.	N	.	T	.	.	.	.	.	.	.	.	.	.	.	.	.	.	.	.	.	.	.	.	N	T	N	.	.	.	.	.	.	.	.	.	.	.
3022315	G	.	.	.	.	.	.	.	.	.	.	.	A	.	.	.	.	.	.	.	.	.	.	.	.	.	.	.	N	.	.	.	.	.	.	.	.	.	.	.	.	.
3024082	G	.	.	.	.	.	.	.	.	.	.	.	.	.	.	.	.	.	.	.	T	.	.	.	.	.	.	.	.	.	.	.	.	.	.	.	.	.	.	.	.	.
3031636	G	.	.	.	.	.	.	C	.	.	.	.	.	.	.	.	.	.	.	.	.	.	.	.	.	.	.	.	.	C	.	.	.	.	.	.	.	.	.	.	.	.
3034177	G	.	.	.	.	.	.	.	.	.	.	.	A	.	.	.	.	.	.	.	.	.	.	.	.	.	.	.	.	N	N	.	.	.	.	.	.	.	.	.	.	.
3038605	C	.	.	.	.	.	.	.	.	.	.	.	.	.	.	.	.	.	A	.	.	.	.	.	.	.	.	.	N	N	N	.	.	.	.	.	.	.	.	.	.	.
3039509	A	.	.	.	.	.	.	.	.	.	.	.	.	.	.	.	.	G	.	.	.	.	.	.	.	.	.	.	N	.	N	.	.	.	.	.	.	.	.	.	.	.
3040275	G	.	.	.	.	.	.	.	.	.	N	.	A	.	.	.	.	.	.	.	.	.	N	.	.	.	.	.	N	.	N	.	.	.	.	.	.	.	.	.	.	.
3041900	T	.	.	.	.	.	.	C	.	.	.	.	.	.	.	.	.	.	.	.	.	.	.	.	.	.	.	.	.	N	.	.	.	.	.	.	.	.	.	.	.	.
3047644	A	.	.	.	.	.	.	G	.	.	.	.	G	.	.	G	.	.	.	.	G	.	.	.	.	.	.	.	.	G	.	.	.	.	.	.	.	.	.	.	.	.
3050544	C	.	.	.	.	.	.	.	.	.	.	.	.	.	.	T	.	.	.	.	.	.	.	.	.	.	.	.	N	.	.	.	.	.	.	.	.	.	.	.	.	.
3057124	A	N	.	.	.	.	.	G	N	.	.	.	G	.	.	G	.	N	N	N	N	.	.	N	.	.	.	N	N	N	N	.	.	.	.	.	.	.	.	.	.	.
3057161	C	N	T	.	.	.	.	.	.	.	.	.	.	.	.	.	.	N	N	N	N	N	.	N	.	.	.	N	N	N	N	.	.	.	.	.	.	.	.	.	.	.
3070616	A	.	C	.	.	.	.	.	.	.	.	.	.	.	.	.	C	N	.	.	.	.	.	.	.	.	.	.	N	N	.	.	.	.	.	.	.	.	.	.	.	.
3071352	A	.	.	.	.	.	.	.	.	.	.	.	G	.	.	G	.	.	.	.	.	.	.	.	.	.	.	.	N	.	.	.	.	.	.	.	.	.	.	.	.	.
3076110	G	A	.	.	.	.	.	.	.	.	.	A	.	.	A	.	.	.	.	.	.	A	.	A	.	.	.	.	A	.	A	.	.	.	.	.	.	.	.	.	.	.
3081021	C	.	.	.	.	.	.	T	.	.	.	.	.	.	.	.	.	.	.	.	.	.	.	.	.	.	.	.	.	T	.	.	.	.	.	.	.	.	.	.	.	.
3087916	G	N	.	.	.	.	.	.	.	.	T	.	.	.	.	.	.	.	.	.	.	.	.	.	.	.	.	.	.	.	N	.	.	.	.	.	.	.	.	.	.	.
3090640	C	.	.	.	.	.	.	.	.	.	.	.	.	.	.	.	.	.	.	.	.	.	.	.	.	.	.	.	N	N	N	.	.	.	.	.	.	A	A	A	A	A
3090722	A	.	.	G	G	.	.	.	N	.	.	.	.	.	.	.	.	G	G	.	.	.	.	.	.	.	.	G	N	N	.	G	G	G	.	.	.	.	.	.	.	.
3095361	T	.	.	.	.	.	.	.	.	.	.	.	.	.	.	.	.	.	.	.	.	.	.	.	.	.	.	C	N	N	N	.	.	.	.	.	.	.	.	.	.	.
3096072	C	.	G	.	.	.	.	.	.	.	.	.	.	.	.	.	.	.	.	.	.	.	.	.	.	.	.	.	N	N	N	.	.	.	.	.	.	.	.	.	.	.
3101554	G	.	.	.	.	.	.	.	.	.	.	.	.	.	.	.	.	.	.	.	.	.	N	.	.	.	.	.	.	.	.	.	.	.	.	.	.	A	A	A	A	A
3102548	G	.	.	.	.	.	.	.	.	.	.	.	.	.	.	.	.	.	.	A	.	.	.	.	.	.	.	.	N	.	.	.	.	.	.	.	.	.	.	.	.	.
3102778	A	C	.	C	C	C	C	C	C	C	C	C	C	C	C	C	.	C	C	.	C	C	C	C	.	.	C	C	N	C	N	C	C	C	C	C	C	C	C	C	C	C
3103229	C	.	.	.	G	.	.	.	.	.	.	.	.	.	.	.	.	.	.	.	.	.	.	.	.	.	.	.	N	.	.	.	.	.	.	.	.	.	.	.	.	.
3104142	G	.	.	.	.	.	.	.	.	.	.	.	.	.	.	.	.	.	.	.	A	.	.	.	.	.	.	.	N	.	.	.	.	.	.	.	.	.	.	.	.	.
3109982	A	.	G	.	.	.	.	.	.	.	.	.	.	.	.	.	.	.	.	.	.	.	.	.	.	.	.	.	N	.	.	.	.	.	.	.	.	.	.	.	.	.
3110631	G	.	.	.	.	.	.	.	.	.	.	.	.	.	.	.	.	A	.	.	.	.	.	.	.	.	.	.	.	.	N	.	.	.	.	.	.	.	.	.	.	.
3110858	T	.	.	.	.	.	.	.	N	.	.	.	.	C	.	.	N	.	.	N	.	.	.	.	.	.	.	.	N	.	.	.	.	.	C	C	C	.	.	.	.	.
3112669	C	.	.	.	.	.	.	.	.	.	.	.	.	T	.	.	.	.	.	N	.	.	.	.	.	.	.	.	N	N	N	.	.	.	N	N	N	.	.	.	.	.
3113891	G	.	A	.	.	.	.	.	.	.	.	.	.	.	.	.	.	.	N	.	.	.	.	.	.	.	.	.	N	N	.	.	.	.	.	.	.	.	.	.	.	.
3123507	C	.	.	.	.	.	.	.	.	.	.	.	.	.	.	.	.	.	.	.	.	.	.	.	.	.	.	T	N	N	N	.	.	.	.	.	.	.	.	.	.	.
3127994	C	.	.	.	.	.	.	.	.	.	.	.	.	.	.	.	.	.	.	.	.	.	.	.	.	.	.	.	.	.	.	.	.	.	.	.	.	A	A	A	A	A
3145253	G	.	.	.	.	.	.	A	.	.	.	.	.	.	.	.	.	.	.	.	.	.	.	.	.	.	.	.	.	A	.	.	.	.	.	.	.	.	.	.	.	.
3146655	A	.	.	.	.	.	.	.	.	.	.	.	.	.	.	G	.	.	.	.	.	.	.	.	.	.	.	.	N	.	.	.	.	.	.	.	.	.	.	.	.	.
3148092	G	N	.	.	.	.	.	.	A	.	.	.	.	.	.	.	.	.	.	.	.	.	.	.	.	.	.	.	N	.	.	.	.	.	.	.	.	.	.	.	.	.
3148817	G	.	.	.	.	.	.	.	.	.	.	.	T	.	.	.	.	.	N	.	.	.	.	.	.	.	N	.	N	N	N	.	.	.	.	.	.	.	.	.	.	.
3155315	G	.	.	.	.	.	.	C	.	.	.	.	.	.	.	.	.	.	.	.	.	.	.	.	.	.	.	.	.	C	.	.	.	.	.	.	.	.	.	.	.	.
3159408	C	.	.	.	.	.	.	T	.	.	.	.	.	.	.	.	.	.	.	.	.	.	.	.	.	.	.	.	N	T	.	.	.	.	.	.	.	.	.	.	.	.
3159732	C	.	.	.	.	N	T	.	.	.	T	.	.	.	.	.	.	.	.	.	.	.	.	.	.	.	.	.	N	.	.	.	.	.	.	.	.	.	.	.	.	.
3165254	G	.	.	.	.	.	.	.	A	.	.	.	.	.	.	.	.	N	.	.	.	.	.	.	.	.	.	.	N	.	.	.	.	.	.	.	.	.	.	.	.	.
3172543	G	.	.	.	.	.	.	.	.	.	.	.	.	.	.	A	.	.	.	.	.	.	.	.	.	.	.	.	N	N	.	.	.	.	.	.	.	.	.	.	.	.
3175296	A	C	C	C	C	C	C	C	C	C	C	C	C	C	C	C	C	C	C	C	C	C	C	C	.	C	C	C	C	C	C	C	C	C	C	C	C	C	C	C	C	C
3175318	T	N	.	.	.	.	.	.	.	.	.	.	.	.	.	.	.	.	.	.	.	.	.	.	.	.	.	G	N	N	N	.	.	.	.	.	.	.	.	.	.	.
3176737	T	.	.	.	.	.	.	.	.	.	.	.	G	.	.	.	.	.	.	.	.	.	.	.	.	.	.	.	.	N	N	.	.	.	.	.	.	.	.	.	.	.
3179300	C	.	.	.	.	.	.	T	.	.	.	.	.	.	.	.	.	.	.	.	.	.	.	.	.	.	.	.	.	N	.	.	.	.	.	.	.	.	.	.	.	.
3183835	C	T	.	.	.	.	.	.	.	.	.	T	.	.	T	.	.	.	.	.	.	T	.	T	.	.	.	.	N	N	T	.	.	.	.	.	.	.	.	.	.	.
3184305	C	.	.	.	.	.	.	.	.	.	.	.	.	.	.	T	.	.	.	.	.	.	.	.	.	.	.	.	N	.	.	.	.	.	.	.	.	.	.	.	.	.
3185228	G	.	.	.	.	.	.	.	.	.	.	.	.	.	.	.	.	.	.	.	.	.	.	.	.	.	.	.	A	.	.	.	.	.	.	.	.	.	.	.	.	.
3186280	C	.	.	.	.	.	.	.	.	.	.	.	.	.	.	.	.	.	.	.	.	T	.	T	.	.	.	.	N	.	.	.	.	.	.	.	.	.	.	.	.	.
3192859	C	.	.	.	.	.	.	T	.	.	.	.	.	.	.	.	.	.	.	.	.	.	.	.	.	.	.	.	N	N	.	.	.	.	.	.	.	.	.	.	.	.
3194105	G	.	.	.	.	.	.	.	.	.	.	.	.	.	.	A	.	.	.	.	.	.	.	.	.	.	.	.	.	.	N	.	.	.	.	.	.	.	.	.	.	.
3196669	A	.	.	.	.	N	G	.	.	.	G	.	.	.	.	.	.	.	.	.	.	.	.	.	.	.	.	.	.	.	.	.	.	.	.	.	.	.	.	.	.	.
3201250	G	.	A	.	.	.	.	.	.	.	.	.	.	.	.	.	.	.	.	.	.	.	.	.	.	.	.	.	N	N	.	.	.	.	.	.	.	.	.	.	.	.
3204135	G	.	.	.	.	.	.	.	.	.	.	.	.	.	.	A	.	.	.	.	.	.	.	.	.	.	.	.	N	N	N	.	.	.	.	.	.	.	.	.	.	.
3204731	G	N	.	.	.	.	.	A	.	.	.	.	.	.	.	.	.	.	.	.	.	.	.	.	.	.	.	.	.	A	.	.	.	.	.	.	.	.	.	.	.	.
3208467	C	.	.	.	.	.	.	.	.	.	N	.	.	.	.	.	.	.	.	.	.	.	.	.	.	.	.	T	N	.	N	.	.	.	.	.	.	.	.	.	.	.
3209198	G	.	A	.	.	.	.	.	.	.	N	.	.	.	.	.	.	.	.	.	.	.	.	.	.	.	.	.	N	N	N	.	.	.	.	.	.	.	.	.	.	.
3212353	G	.	.	.	.	N	.	.	T	T	.	.	.	.	.	.	.	.	N	.	.	.	.	.	.	.	.	.	N	N	N	.	.	.	.	.	.	.	.	.	.	.
3214328	A	.	.	.	.	.	.	.	.	.	.	.	.	.	.	.	.	.	.	N	.	G	.	G	.	.	.	.	.	.	N	.	.	.	.	.	.	.	.	.	.	.
3215535	G	N	.	.	.	.	.	A	.	.	.	.	A	.	.	A	.	.	.	N	.	.	.	.	.	.	.	N	.	A	N	.	.	.	.	.	.	.	.	.	.	.
3224351	C	.	.	.	.	.	.	.	.	.	.	.	.	.	.	.	.	.	.	T	.	.	.	.	.	.	.	.	N	N	.	.	.	.	.	.	.	.	.	.	.	.
3225640	C	.	.	.	.	.	.	.	.	.	.	.	.	.	.	.	T	.	N	.	.	.	.	.	.	.	.	.	.	N	.	.	.	.	.	.	.	.	.	.	.	.
3226780	G	.	.	.	.	.	.	.	N	.	.	.	.	.	.	.	.	.	.	.	.	.	.	.	.	.	.	A	N	.	.	.	.	.	.	.	.	.	.	.	.	.
3228985	C	.	.	.	T	.	.	.	.	.	.	.	.	.	.	.	.	.	.	.	.	.	.	.	.	.	.	.	.	.	.	.	.	.	.	.	.	.	.	.	.	.
3232232	C	.	.	.	.	N	.	.	.	.	.	.	A	.	.	A	.	.	.	.	.	.	.	.	.	.	.	.	.	.	.	.	.	.	.	.	.	.	.	.	.	.
3235177	G	.	.	.	.	.	.	.	.	.	.	.	.	.	.	.	.	.	.	.	.	.	.	.	.	A	.	.	N	N	N	.	.	.	.	.	.	.	.	.	.	.
3235179	A	.	.	.	.	.	.	.	.	.	.	.	.	.	.	.	G	.	.	.	.	.	.	.	.	.	.	.	N	N	N	.	.	.	.	.	.	.	.	.	.	.
3236707	C	.	.	.	.	.	.	.	.	.	.	.	.	.	.	.	.	.	.	N	.	.	.	.	.	.	.	T	.	.	N	.	.	.	.	.	.	.	.	.	.	.
3237159	C	.	.	.	.	.	.	T	.	.	.	.	.	.	.	.	.	.	N	.	.	.	.	.	.	.	.	.	N	N	N	.	.	.	.	.	.	.	.	.	.	.
3239038	G	.	.	.	.	.	.	.	.	.	.	.	.	.	.	.	.	.	N	.	.	.	.	.	.	.	N	A	N	N	N	.	.	.	.	.	.	.	.	.	.	.
3240111	G	.	.	.	.	.	.	.	.	.	.	.	.	.	.	.	.	.	.	.	.	.	.	.	.	.	.	A	.	.	.	.	.	.	.	.	.	.	.	.	.	.
3240593	G	.	.	.	.	.	.	.	.	.	.	.	.	.	.	.	.	.	.	.	.	.	.	.	.	.	.	A	N	.	.	.	.	.	.	.	.	.	.	.	.	.
3241125	G	N	.	.	.	.	.	.	.	.	.	.	.	.	.	.	.	.	.	.	A	.	.	.	.	.	.	.	N	.	.	.	.	.	.	.	.	.	.	.	.	.
3243731	A	.	.	G	G	G	G	G	G	G	G	.	G	G	.	G	.	G	G	.	G	.	G	.	.	.	G	G	N	N	N	G	G	G	G	G	G	G	G	G	G	G
3245234	C	.	.	.	.	.	.	.	.	.	.	.	.	.	.	G	.	.	.	.	.	.	.	.	.	.	.	.	.	.	.	.	.	.	.	.	.	.	.	.	.	.
3246288	C	.	.	.	.	.	.	.	.	.	.	.	.	.	.	.	.	.	.	.	.	.	.	.	.	.	.	T	.	N	N	.	.	.	.	.	.	.	.	.	.	.
3246728	G	.	.	.	.	.	.	.	.	.	.	A	.	.	.	.	.	.	.	.	.	.	.	.	.	.	.	.	N	N	.	.	.	.	.	.	.	.	.	.	.	.
3248199	C	.	.	.	.	.	.	.	.	.	.	.	.	.	.	.	T	.	.	.	.	.	.	.	.	.	.	.	.	.	.	.	.	.	.	.	.	.	.	.	.	.
3254880	C	.	.	.	.	.	.	.	.	.	.	.	.	.	.	.	T	.	.	.	.	.	.	.	.	.	.	.	.	.	.	.	.	.	.	.	.	.	.	.	.	.
3254973	C	.	.	.	.	.	.	.	.	.	.	.	.	.	.	.	.	.	T	.	.	.	.	.	.	.	.	.	N	.	.	.	.	.	.	.	.	.	.	.	.	.
3256240	C	.	.	.	.	.	.	.	.	.	.	.	.	.	.	.	.	.	.	.	T	.	.	.	.	.	.	.	N	.	N	.	.	.	.	.	.	.	.	.	.	.
3256677	A	.	.	.	.	N	G	.	.	.	G	.	.	.	.	N	.	.	.	N	N	.	N	.	.	.	G	.	.	N	.	.	.	.	.	.	.	G	G	G	G	G
3256991	C	.	.	.	.	.	.	.	.	.	.	.	.	.	.	.	.	.	.	.	G	.	.	.	.	.	.	.	.	.	N	.	.	.	.	.	.	.	.	.	.	.
3257070	G	A	.	.	.	.	.	.	.	.	.	A	.	.	A	.	.	.	.	.	.	A	.	A	.	.	.	.	N	N	A	.	.	.	.	.	.	.	.	.	.	.
3257810	C	N	.	.	.	.	.	.	.	.	.	.	.	.	.	.	.	.	.	T	.	.	.	.	.	.	.	.	.	.	.	.	.	.	.	.	.	.	.	.	.	.
3259659	C	.	.	.	.	.	.	.	.	.	.	.	.	.	.	.	.	.	.	.	T	.	.	.	.	.	.	.	.	.	.	.	.	.	.	.	.	.	.	.	.	.
3259776	C	.	.	.	.	.	.	.	N	.	T	.	.	.	.	.	.	.	.	.	.	.	.	.	.	.	.	.	N	N	.	.	.	.	.	.	.	.	.	.	.	.
3260614	C	.	.	.	.	.	.	.	.	.	.	.	.	.	.	.	.	.	.	.	.	.	.	.	.	.	.	.	N	.	.	.	.	.	.	.	.	T	T	T	T	T
3261297	G	.	.	.	.	.	.	.	.	.	.	.	.	.	.	.	.	.	A	.	.	.	.	.	.	.	.	.	N	.	.	.	.	.	.	.	.	.	.	.	.	.
3261758	G	.	.	.	.	.	.	.	.	.	.	.	.	.	.	.	.	.	.	A	.	.	.	.	.	.	.	.	N	.	.	.	.	.	.	.	.	.	.	.	.	.
3261811	G	.	.	.	.	.	.	.	.	.	.	.	.	.	A	.	.	.	.	.	.	A	.	A	.	.	.	.	.	N	N	.	.	.	.	.	.	.	.	.	.	.
3261877	G	.	.	.	.	.	.	A	.	.	.	.	.	.	.	.	.	.	.	.	.	.	.	.	.	.	.	.	.	A	N	.	.	.	.	.	.	.	.	.	.	.
3262657	C	N	T	.	.	.	.	.	.	.	.	.	.	.	.	.	T	.	.	.	.	.	.	.	.	.	.	.	N	.	.	.	.	.	.	.	.	.	.	.	.	.
3263442	T	.	.	.	.	.	.	.	N	.	.	.	.	.	.	.	.	.	.	.	C	.	N	.	.	.	.	.	N	.	.	.	.	.	.	.	.	.	.	.	.	.
3263810	G	.	.	.	.	.	.	.	.	.	.	.	A	.	.	A	.	.	.	.	.	.	.	.	.	.	.	.	N	.	.	.	.	.	.	.	.	.	.	.	.	.
3264617	C	.	.	.	.	.	.	.	.	.	.	.	.	.	.	.	.	.	.	.	.	T	.	T	.	.	.	.	.	N	.	.	.	.	.	.	.	.	.	.	.	.
3265736	G	.	.	.	.	.	.	A	.	.	.	.	A	.	.	A	.	.	.	.	.	.	.	.	.	.	.	.	N	A	.	.	.	.	.	.	.	.	.	.	.	.
3267618	G	.	A	.	.	.	.	.	.	.	.	.	.	.	.	.	A	.	.	.	.	.	N	.	.	.	.	.	N	.	.	.	.	.	.	.	.	.	.	.	.	.
3267975	G	.	.	A	A	.	.	.	.	.	.	.	.	.	.	.	.	A	A	.	.	.	.	.	.	.	.	.	N	.	.	A	A	A	.	.	.	.	.	.	.	.
3268009	G	.	.	.	.	.	.	.	.	.	.	.	.	.	.	.	.	.	N	.	A	.	.	.	.	.	.	.	N	.	.	.	.	.	.	.	.	.	.	.	.	.
3268026	G	.	.	.	.	.	.	A	.	.	.	.	.	.	.	.	.	.	N	.	.	.	.	.	.	.	.	.	N	A	.	.	.	.	.	.	.	.	.	.	.	.
